p,k,RMSE,MAE,MBE,R2
0.1,2,10.600146433105474,7.390057800132354,0.9383089845818116,0.1415443722103704
0.1,3,10.096243789735956,7.062576370121111,1.2048429930506772,0.2212218106396344
0.1,4,9.893326699562213,6.974652587064838,1.0260310023534565,0.2522114278030747
0.1,5,9.588553665252746,6.860774658076122,0.9347707263119304,0.2975744033004481
0.1,6,9.595722063435868,6.815106495495252,1.010473763352144,0.2965237446237825
0.1,7,9.651787143366484,6.906855125163546,0.985623836786272,0.2882793057146272
0.1,8,9.54810607746002,6.861273370101925,0.9797903508858072,0.3034880160823775
0.1,9,9.521963163476707,6.804591051927181,0.8712968085422448,0.3072969232366374
0.1,10,9.52161160448727,6.798649775833368,0.8348414642129373,0.3073480726674581
0.1,11,9.483945818865452,6.772807297186922,0.8376512326064735,0.3128172469702309
0.1,12,9.456363548907746,6.752521537975501,0.8067487675504612,0.31680851777859
0.1,13,9.412089570315471,6.761720325780688,0.7772500289299522,0.3231908435855807
0.1,14,9.338359729212252,6.728233508388828,0.6959255953820485,0.3337529149924606
0.1,15,9.30416128386881,6.705516174611671,0.6856904439291044,0.338623769163507
0.1,16,9.316425189025638,6.690834201406151,0.6656407205393272,0.3368790872409407
0.1,17,9.337762789143518,6.72619399413067,0.6645653048939771,0.3338380898798645
0.1,18,9.326343146656026,6.712935683995552,0.6580136747631418,0.3354664626113248
0.1,19,9.333079710810004,6.71553914853663,0.676265944524078,0.3345061098723761
0.1,20,9.30845969097006,6.717693281715174,0.7121007063824922,0.3380125327748658
0.1,21,9.35411414966982,6.74028016016824,0.7055872443741578,0.3315030143649542
0.1,22,9.372214098312456,6.766039071793442,0.7018233862629902,0.3289134655817707
0.1,23,9.374789079827352,6.759058273739714,0.7082317013218941,0.3285446577870283
0.1,24,9.376977278078863,6.737137299311564,0.7120333827590831,0.3282311683063464
0.1,25,9.37471494840386,6.745009898916758,0.750692358938693,0.3285552768512235
0.1,26,9.380956680901813,6.7738910116390825,0.77214713833359,0.3276608766354534
0.1,27,9.38845346932924,6.77074745946394,0.7280277238153876,0.3265858480767398
0.1,28,9.42433189107592,6.804721076592988,0.7492013310392973,0.3214290449231085
0.1,29,9.40846016427877,6.7714201538002055,0.7498547598130803,0.3237127131681362
0.1,30,9.421579224958425,6.789777011437555,0.7353182871515975,0.3218253820878296
0.1,31,9.417214882084464,6.80184996288046,0.7066537501420063,0.3224535360229108
0.1,32,9.424548037508387,6.80270353660956,0.6762552963737472,0.3213979186056672
0.1,33,9.422867265194556,6.794885961081225,0.6961266919486938,0.3216399405850656
0.1,34,9.439117929519051,6.811913340838559,0.6883356962232872,0.3192981252706893
0.1,35,9.43597752840077,6.824384097649756,0.6938365486580635,0.3197509899008961
0.1,36,9.457035396743862,6.842226501020603,0.6969447705314923,0.3167114366919843
0.1,37,9.480389699287803,6.849969452245928,0.7261690892321853,0.3133324852349826
0.1,38,9.481604943921392,6.859918877422092,0.7201625178849728,0.3131564328738265
0.1,39,9.49613008110003,6.873259067683707,0.7234388165611594,0.311050431046084
0.1,40,9.5070310909547,6.887696789552926,0.7211113824408028,0.3094677743973032
0.2,2,10.585187702350316,7.383609328041134,0.9153607185413236,0.1439655360885289
0.2,3,10.09251632924609,7.059728917469428,1.1765607242468528,0.2217967430864417
0.2,4,9.883001664822842,6.9478611283101745,1.014298645751705,0.2537714519065637
0.2,5,9.589376081226122,6.838555630134286,0.9251375908347196,0.2974539032072663
0.2,6,9.56905084570048,6.7893849140237394,0.996897365952572,0.3004289209232279
0.2,7,9.615415126635712,6.867982540836419,0.97824391673357,0.293633327838495
0.2,8,9.51181726902795,6.824769833270967,0.9740599797063304,0.3087723223481091
0.2,9,9.485031202431808,6.765737023350573,0.8705644840366996,0.3126599496678207
0.2,10,9.484993554200171,6.765990409693265,0.835206807018492,0.3126654060728696
0.2,11,9.449008857026737,6.7404548829951825,0.8385725104532548,0.3178708096108282
0.2,12,9.419398476276092,6.717845703557897,0.8089321060290935,0.3221392906609801
0.2,13,9.374607960447154,6.727676691650483,0.7805311265465323,0.3285706023495351
0.2,14,9.307842222375426,6.701143275092515,0.7045058197901515,0.3381003545901543
0.2,15,9.277662377761564,6.682503920503697,0.693562604866031,0.342385696505189
0.2,16,9.289238444422669,6.6683755726877605,0.6757644430221817,0.3407436155690466
0.2,17,9.307701433861489,6.704454913128346,0.6737559978271197,0.3381203779554963
0.2,18,9.29823825615402,6.690281829667168,0.6689099839145407,0.3394655651585527
0.2,19,9.305011887615454,6.691048190275537,0.6854117163114436,0.3385028351430652
0.2,20,9.281352863852618,6.692891373592794,0.7185995977189458,0.3418624183273046
0.2,21,9.322366365476311,6.71461063810616,0.7124274345070517,0.3360330600428377
0.2,22,9.34057080291995,6.7369326968441925,0.7082690769803175,0.3334373786770734
0.2,23,9.344032363873854,6.732693368815919,0.7139512789152338,0.3329432387071126
0.2,24,9.346869819509674,6.711922402265843,0.7183360276325392,0.3325380536064884
0.2,25,9.345088829240003,6.720731555050717,0.7548183527800342,0.3327923911549703
0.2,26,9.351747099426971,6.749786999155683,0.7759839054049897,0.3318412966905125
0.2,27,9.359601791027234,6.747305343784953,0.734796756654807,0.3307184295905354
0.2,28,9.393233973901784,6.780203355393323,0.7537836608091661,0.3258998822677792
0.2,29,9.377521584228218,6.74928963271943,0.7544448173070746,0.32815317760474
0.2,30,9.391393784075005,6.765286678244427,0.7412260237548175,0.3261639767584364
0.2,31,9.388736485448154,6.777571959601497,0.7143681064838261,0.3265452471549889
0.2,32,9.396545716165008,6.780608795790432,0.6858965648342656,0.3254244678580317
0.2,33,9.395992197380364,6.774766838137908,0.7048934765404044,0.3255039394516152
0.2,34,9.412357663358954,6.7917114843427075,0.6977197655853412,0.3231522867041541
0.2,35,9.40999552631384,6.80345767220314,0.7029733015680573,0.3234919691716811
0.2,36,9.429187065690767,6.820228757882929,0.7055653534559346,0.3207297000453335
0.2,37,9.451547754205665,6.827410955130667,0.733259002439994,0.3175041915721599
0.2,38,9.453214504451449,6.83728856856195,0.7278629648129233,0.3172634584377173
0.2,39,9.4673473337147,6.851065946581177,0.730950381546044,0.3152205106688942
0.2,40,9.478474795238098,6.864811960907508,0.7294086034648628,0.3136098513877942
0.3,2,10.579188672275222,7.398995261679239,0.8947017318780389,0.1449355559751298
0.3,3,10.095241457744654,7.069468555937758,1.1484084650155708,0.2213764335987809
0.3,4,9.87881986325008,6.932561065078661,1.0004936581913575,0.2544028227421262
0.3,5,9.593186506615597,6.8200318225981365,0.913754334316039,0.2968954661772019
0.3,6,9.547615847138028,6.767969533445181,0.9808069642634172,0.3035595365547677
0.3,7,9.583391600193837,6.835941336977961,0.968405722328534,0.2983305112023254
0.3,8,9.479353822313552,6.785976041549109,0.965827812869581,0.3134825348067253
0.3,9,9.450763847633816,6.727236292234219,0.8675031016863155,0.3176173985889466
0.3,10,9.450300085205429,6.731853642910226,0.8332323887683065,0.3176843679160331
0.3,11,9.415342762084329,6.706743651791212,0.837375886070366,0.3227228985084988
0.3,12,9.383186207719852,6.682029360230525,0.8089076330831575,0.3273412554524149
0.3,13,9.33740624933877,6.690682945696519,0.7817297425706978,0.3338889604595301
0.3,14,9.276479531483435,6.670964561312991,0.7111727105354689,0.3425533695705878
0.3,15,9.249565767072864,6.655585161049683,0.6996208875215256,0.3463627231980904
0.3,16,9.260090985631305,6.642944287176781,0.6842942785772905,0.3448743096634377
0.3,17,9.275322893315774,6.678738181649729,0.681359088040421,0.3427173068608899
0.3,18,9.267425085059347,6.66472254520069,0.6780353416575923,0.3438361644292583
0.3,19,9.274018699601813,6.662375036837126,0.6929845457134071,0.342902133567163
0.3,20,9.25101701667092,6.666659903266319,0.7237876409363742,0.346157596757412
0.3,21,9.28722649168456,6.685312763189399,0.7182097037750519,0.3410291608382855
0.3,22,9.3054213444046,6.7052788096794105,0.7136591956387686,0.3384446169553295
0.3,23,9.309512348450482,6.701546619441762,0.7185627430030679,0.3378628011362786
0.3,24,9.312973243148386,6.684406135953774,0.7232418186597368,0.3373703987430975
0.3,25,9.311500496716,6.693831247020699,0.7576405284256382,0.3375799576439739
0.3,26,9.318479514424183,6.721283814211564,0.7785329929542157,0.33658661103907
0.3,27,9.32650973556282,6.719522826498863,0.7402888748664155,0.3354427223516135
0.3,28,9.357748598376594,6.75108326055883,0.7572250443873205,0.330983437637947
0.3,29,9.342268098543029,6.722819962369247,0.7577835669842979,0.3331951115535875
0.3,30,9.356811507507576,6.736839458662894,0.7459688976441876,0.3311174224131674
0.3,31,9.355898844447449,6.748687110249919,0.7210130843347633,0.3312479016148266
0.3,32,9.364032432668584,6.75417798037891,0.6945004759623424,0.3300846315446897
0.3,33,9.364501336550006,6.749948251006911,0.7126818550975262,0.3300175378468246
0.3,34,9.380883006689814,6.7667327132151485,0.7061418843728444,0.327671437149116
0.3,35,9.379231866392558,6.779016926811775,0.7111704793871528,0.327908091009216
0.3,36,9.39650956886387,6.793665958963711,0.7133583548933726,0.3254296578584288
0.3,37,9.417821030310789,6.800989670268338,0.7395284295749004,0.3223663113370818
0.3,38,9.419894270910849,6.809933983107191,0.7348074924315645,0.322067929724609
0.3,39,9.433525447315894,6.824526919493504,0.7378081402693004,0.3201044898948981
0.3,40,9.444819918257028,6.837880439008208,0.7370826669263469,0.3184754791763788
0.4,2,10.581645985846594,7.420574278154458,0.8769762456430119,0.1445382843970029
0.4,3,10.10447804975573,7.0861853637824215,1.1215149647702192,0.2199509861129976
0.4,4,9.88112211430381,6.932096105241852,0.9853819236191134,0.2540552605978039
0.4,5,9.600800513490269,6.807725961428618,0.9009823767720048,0.2957789305537504
0.4,6,9.5324094026194,6.751072300943455,0.9625374219163888,0.3057762050528714
0.4,7,9.557087837114032,6.809701915915909,0.9560472329643546,0.3021770030706007
0.4,8,9.45251444523498,6.7513732673275175,0.9549042775154246,0.317364575007232
0.4,9,9.421210776353318,6.69156203626787,0.8617635334972388,0.3218784236427864
0.4,10,9.419591965246283,6.69666854070984,0.828603487236328,0.3221114417663799
0.4,11,9.384998161927788,6.673228288492725,0.8336494478340031,0.3270814408228439
0.4,12,9.349869063487867,6.646052875110717,0.8062375208208593,0.3321096315901207
0.4,13,9.302712252599711,6.655163241577466,0.7803624742249452,0.3388297587595019
0.4,14,9.246434519490052,6.638685723177962,0.7153547861038112,0.3468051988257535
0.4,15,9.221862608470044,6.625157429641178,0.7033100436868983,0.3502722472672124
0.4,16,9.230880820390112,6.614172911259726,0.6906030465183505,0.3490008668949536
0.4,17,9.242531665190684,6.6492582873666,0.686756127503327,0.3473565002180715
0.4,18,9.235667625736648,6.635043648595675,0.6847552203549075,0.3483255220024719
0.4,19,9.241734443603434,6.6308366624828095,0.698364793844225,0.3474690838837061
0.4,20,9.218991500177491,6.6368128411294585,0.727049240714071,0.3506767530439266
0.4,21,9.250241415553512,6.65329382574934,0.7223019740027884,0.34626722786916
0.4,22,9.268140459764506,6.671045565343781,0.7173699734932609,0.3437348588080594
0.4,23,9.2725080252214,6.665472233246893,0.721439189982887,0.3431161896512724
0.4,24,9.276484418101326,6.6529130980626485,0.7261033009416081,0.3425526769174531
0.4,25,9.27504276373087,6.662140824106056,0.7585224361646408,0.3427570082383379
0.4,26,9.282111638100558,6.688213649248067,0.7791451026922214,0.3417548050798379
0.4,27,9.290037395404234,6.6871483867318195,0.743841388601363,0.3406302077392343
0.4,28,9.318653509704207,6.716924660751532,0.7588731117703291,0.3365618362083966
0.4,29,9.303391743825834,6.692068607867386,0.7592103145681959,0.3387331684806326
0.4,30,9.318414220947629,6.704172496529677,0.7488918172021001,0.3365959079237676
0.4,31,9.319182288601043,6.716344604050795,0.7259246245812503,0.3364865416278512
0.4,32,9.327406854650183,6.72301565820718,0.7014071664127431,0.3353148683721483
0.4,33,9.328703810700478,6.720640175571127,0.7188275163649173,0.3351300094181521
0.4,34,9.344912996845014,6.736302430606773,0.7129394887032384,0.3328174985906036
0.4,35,9.34383339858873,6.749528358567307,0.7177645128165442,0.3329716460842492
0.4,36,9.359120463932667,6.762662069843673,0.7196650935547193,0.3307872647990518
0.4,37,9.379283147743545,6.769514418710021,0.7443244555928968,0.3279007416066656
0.4,38,9.381655699692583,6.777765860596159,0.7403389094046247,0.3275606746609418
0.4,39,9.394636550943291,6.792496990393146,0.7433673606992717,0.325698556943671
0.4,40,9.40598186511654,6.805714941573207,0.7434860219010797,0.3240689503084325
0.5,2,10.59167324384721,7.44440238658466,0.8624641011610523,0.1429162305868819
0.5,3,10.119927132847144,7.114670152600145,1.0967271804000631,0.2175638752504086
0.5,4,9.889943405159428,6.938277726368649,0.969853431248876,0.2527227939730301
0.5,5,9.612882429550275,6.8063154927435,0.8874353246401556,0.2940053923152942
0.5,6,9.524245458256566,6.73972866380435,0.9427646463990494,0.3069648190148147
0.5,7,9.53764839185057,6.790664588412304,0.941474653750954,0.3050129079086087
0.5,8,9.432812444395738,6.731318773689546,0.9414617899331575,0.3202072614763204
0.5,9,9.398217502973466,6.671204183789483,0.8533199410767787,0.3251844122393943
0.5,10,9.39483674273108,6.666255633592764,0.821326358881119,0.3256698190464849
0.5,11,9.360025801281749,6.65019357986059,0.827252918582659,0.3306577884044421
0.5,12,9.321676489898426,6.612135184490365,0.800742843279011,0.3361313264292724
0.5,13,9.272922269330772,6.620788015055682,0.7761500684583608,0.3430574965066723
0.5,14,9.220140393259207,6.606245910934523,0.7166096096063689,0.3505149024834696
0.5,15,9.19697113064368,6.594098382725082,0.7041690850751501,0.3537749794448885
0.5,16,9.20403897029448,6.583894654248846,0.6940738926866117,0.3527813545264783
0.5,17,9.21182140865685,6.617170897975259,0.6893601646588776,0.3516863855213387
0.5,18,9.205374544464611,6.6028077278587896,0.6884871172900341,0.352593508467993
0.5,19,9.21048593245322,6.596185591523085,0.7009697324909631,0.3518743493574494
0.5,20,9.187563244546151,6.60431192945757,0.7277721028632803,0.3550963931543819
0.5,21,9.213774689875718,6.617972901132984,0.7240282084006322,0.351411418604676
0.5,22,9.230955378137438,6.634913715270915,0.7187249002722924,0.3489903506233571
0.5,23,9.235182344077188,6.6262865007453104,0.7219190445111575,0.3483940037574401
0.5,24,9.239455514890915,6.618408254514734,0.7263119761505054,0.3477908607320639
0.5,25,9.23770504493629,6.625935361284674,0.7568303436784781,0.3480379671448281
0.5,26,9.244525328831472,6.651235143464758,0.7771695639030487,0.3470749124462919
0.5,27,9.251992211678488,6.649820501454245,0.7447620928531868,0.3460197400323068
0.5,28,9.27768531780703,6.678736213504243,0.7580364823598671,0.3423824444530972
0.5,29,9.262536506834836,6.65705286690903,0.7580369026331454,0.3445282363206007
0.5,30,9.277740412069852,6.66826800295946,0.7492858502317319,0.3423746340864425
0.5,31,9.279993019855898,6.680960738249193,0.7283667957481172,0.3420552563521852
0.5,32,9.287999415367391,6.687163829947378,0.7058706787803152,0.3409194713927118
0.5,33,9.289836971345464,6.686333292052254,0.7225695710484812,0.3406586580325592
0.5,34,9.305586253250638,6.7012524333127175,0.7173443344416149,0.3384211688389117
0.5,35,9.304862041052354,6.714873548318369,0.7219812551619071,0.3385241402804944
0.5,36,9.318050055238109,6.727464570073718,0.7237081314149106,0.3366477588708245
0.5,37,9.336920934454232,6.733018195685645,0.7468775772638124,0.3339582013584442
0.5,38,9.33940887702033,6.74152164127852,0.7436719272103449,0.3336032032755491
0.5,39,9.351559190036909,6.754937798367126,0.7468373883036807,0.3318681477230879
0.5,40,9.362772618015033,6.7677020604498175,0.7478122568951873,0.3302648770598744
0.6000000000000001,2,10.608206663983616,7.467621477670832,0.8511731405041572,0.140238356052939
0.6000000000000001,3,10.14103835595801,7.151225937478107,1.0745407181181743,0.2142959835533404
0.6000000000000001,4,9.905027471336076,6.952215427666774,0.9547484416124968,0.2504415726689416
0.6000000000000001,5,9.629845397102754,6.810811979728242,0.8738337919900724,0.2915115867427574
0.6000000000000001,6,9.523656919528127,6.739179590485256,0.9223801923976244,0.3070504668372723
0.6000000000000001,7,9.525869730707312,6.778304732069197,0.9253619961994464,0.3067284173084921
0.6000000000000001,8,9.42126619882122,6.717478205042184,0.9260921769438596,0.3218704452029154
0.6000000000000001,9,9.383122050422886,6.656958842280514,0.8426099615746299,0.3273504539950714
0.6000000000000001,10,9.377573180945156,6.650767639093519,0.8118428287456392,0.3281457843536819
0.6000000000000001,11,9.342121895894442,6.634480638856228,0.818474417089007,0.333215981834107
0.6000000000000001,12,9.300520989625456,6.591763474883315,0.7926736476066342,0.3391412006695807
0.6000000000000001,13,9.250163700961828,6.591807784900691,0.7692162390928882,0.3462782123094053
0.6000000000000001,14,9.199859086413534,6.583681342170027,0.7148591699528367,0.3533690713985682
0.6000000000000001,15,9.177287237395532,6.570193075364982,0.7020709611882096,0.3565381961291494
0.6000000000000001,16,9.182052223641971,6.56166130317408,0.6943751776484627,0.3558698324732049
0.6000000000000001,17,9.18583439884751,6.583457484317413,0.6888680130234329,0.3553390764201644
0.6000000000000001,18,9.179204658028365,6.5683429950761605,0.6889379562039141,0.3562692896875208
0.6000000000000001,19,9.182933833713845,6.562329895226225,0.7004768190106324,0.3557461348745833
0.6000000000000001,20,9.159434747453782,6.569299571623465,0.7255681757113569,0.3590392014750481
0.6000000000000001,21,9.180673853274538,6.5818533606540175,0.722892649333142,0.3560632060837988
0.6000000000000001,22,9.19666475753422,6.596257485852,0.7172112714641192,0.3538180333304456
0.6000000000000001,23,9.20034561012534,6.58710778672283,0.7195170336255701,0.353300676960076
0.6000000000000001,24,9.204612025450388,6.582818851956526,0.7235116943843363,0.352700758707819
0.6000000000000001,25,9.202224868258805,6.587633203600551,0.7521402902365825,0.353036460998186
0.6000000000000001,26,9.20842455359348,6.611250673634059,0.7721585002067546,0.3521644280823324
0.6000000000000001,27,9.21505906435122,6.6103495813152815,0.7425268024475702,0.3512305831255898
0.6000000000000001,28,9.23751203428231,6.637442885755368,0.7541806036961538,0.3480652107736578
0.6000000000000001,29,9.222306646609525,6.619370042750347,0.7537469581856926,0.3502096762095947
0.6000000000000001,30,9.237327720930487,6.63000309213054,0.7465769564316134,0.3480912262390696
0.6000000000000001,31,9.240733748946663,6.641937257841389,0.727713129361514,0.3476103882790154
0.6000000000000001,32,9.248175039466386,6.649106154380605,0.7072293394614725,0.3465592649794462
0.6000000000000001,33,9.250199149192078,6.647888917366761,0.7232125148613405,0.3462732019494594
0.6000000000000001,34,9.26512304654264,6.662038729903286,0.7186337675735232,0.3441621075692728
0.6000000000000001,35,9.26448411624643,6.674668922557605,0.7230807266430195,0.3442525586616732
0.6000000000000001,36,9.275448037527005,6.687397898272774,0.7247306823311981,0.342699570404697
0.6000000000000001,37,9.29286276139457,6.693030252257854,0.7464361814157725,0.3402290803386318
0.6000000000000001,38,9.295212580790064,6.701408132142944,0.7440209293542158,0.3398953750950709
0.6000000000000001,39,9.306347184552331,6.7134702751493585,0.7473961918242298,0.338312967891653
0.6000000000000001,40,9.317188382798436,6.724324255014853,0.7492023315563721,0.3367704381678927
0.7000000000000001,2,10.63014507130914,7.490465094304682,0.8429431217245231,0.136678601720544
0.7000000000000001,3,10.167123515196463,7.188001569278198,1.0551530072403354,0.2102487503327221
0.7000000000000001,4,9.925889310742004,6.973895989308071,0.940735621361336,0.2472808272837146
0.7000000000000001,5,9.65181741302132,6.8293952125657205,0.8608521121231646,0.2882748415520393
0.7000000000000001,6,9.530835739182614,6.747467892037664,0.9023046180714251,0.3060053988235141
0.7000000000000001,7,9.522158672499431,6.775939715600305,0.9085899682099916,0.3072684771925598
0.7000000000000001,8,9.418350535452772,6.709990221079627,0.9096676102380132,0.3222901109913308
0.7000000000000001,9,9.376653857570243,6.648878458906355,0.8304544197059268,0.3282775073480148
0.7000000000000001,10,9.36872802223714,6.640423424037448,0.8009533384784913,0.3294126056134895
0.7000000000000001,11,9.33239802048976,6.620264621677342,0.8080099584937155,0.3346033219801465
0.7000000000000001,12,9.287705795679894,6.574654686228373,0.7827132840405161,0.3409611414986953
0.7000000000000001,13,9.235943268601362,6.573658409871659,0.7601485475864811,0.3482866223564868
0.7000000000000001,14,9.187297233630616,6.5626619981898155,0.7105227292964428,0.355133736878899
0.7000000000000001,15,9.164734057007944,6.550974064776263,0.6973882215036562,0.3582973145868348
0.7000000000000001,16,9.166961935602718,6.541371242646805,0.6917140309512693,0.3579852903785949
0.7000000000000001,17,9.16683714545543,6.559768230621968,0.6854939303960419,0.3580027697933494
0.7000000000000001,18,9.159545593071172,6.543737155071867,0.6863214383651606,0.359023687826598
0.7000000000000001,19,9.161550778037007,6.53399795428873,0.6970417690492164,0.3587430152241665
0.7000000000000001,20,9.137192842735764,6.537898231096139,0.7205147657923016,0.3621483190595075
0.7000000000000001,21,9.153702045671928,6.549765088719313,0.718861296574839,0.3598412787507282
0.7000000000000001,22,9.16808528395203,6.564570977537832,0.7127688866291761,0.3578279317337594
0.7000000000000001,23,9.170920365584214,6.553473626219163,0.7141972770285974,0.3574307077385331
0.7000000000000001,24,9.174892268034856,6.547904224663764,0.7178077726327159,0.3568739969340671
0.7000000000000001,25,9.171627732954445,6.549680711314245,0.7444818736671492,0.3573315791752615
0.7000000000000001,26,9.176896996836314,6.570571188173213,0.7641126478688154,0.3565929180854067
0.7000000000000001,27,9.182376536965428,6.571206403861733,0.7370454385934163,0.3558243298601743
0.7000000000000001,28,9.20134667296288,6.5965675144288785,0.7471987932799895,0.3531599383602618
0.7000000000000001,29,9.185913460556884,6.580561290273804,0.74626414330584,0.3553279792869676
0.7000000000000001,30,9.200382637809128,6.5913806290916925,0.7406087540251164,0.3532954715412276
0.7000000000000001,31,9.204514678529616,6.60265227844395,0.7237337742466564,0.3527144501604465
0.7000000000000001,32,9.211067210229311,6.609058586005542,0.7051966824923156,0.35179253979219
0.7000000000000001,33,9.212911524048112,6.607377537148446,0.7204199129317909,0.3515329352023805
0.7000000000000001,34,9.226617136669717,6.622114986293663,0.7164216303494374,0.3496021125250211
0.7000000000000001,35,9.22578708978309,6.6337666588039985,0.720647359305265,0.3497191297264586
0.7000000000000001,36,9.234421487985172,6.644256908293734,0.7222820815524219,0.3485013666552355
0.7000000000000001,37,9.2502356661995,6.649754505297353,0.7425437195014192,0.3462680405052412
0.7000000000000001,38,9.252159659497645,6.658471558228306,0.7408764361385536,0.3459960676044096
0.7000000000000001,39,9.262122680668474,6.669683881575887,0.7444680854420146,0.3445868045772585
0.7000000000000001,40,9.272326603139692,6.6793052185118045,0.7470224225434929,0.3431418940372145
0.8,2,10.656437007864914,7.516282469930594,0.8375260816691376,0.1324027500421638
0.8,3,10.197442468773112,7.223033275124454,1.038560422051918,0.2055315590281259
0.8,4,9.951897232747774,7.004614591727172,0.9282743081984666,0.2433310937309395
0.8,5,9.67866648114724,6.856597820902337,0.8490286987642444,0.2843096327172398
0.8,6,9.54563028332467,6.767896714075075,0.8833391327488573,0.3038491760239604
0.8,7,9.526546714426653,6.778723917055912,0.8920395754862323,0.3066298750724321
0.8,8,9.424059595001586,6.7080075658685185,0.8931084135372571,0.3214682560926769
0.8,9,9.378987971002587,6.651118230537989,0.8178121298186827,0.3279430444018402
0.8,10,9.368615447980444,6.641769696707419,0.7895903378958987,0.3294287210186429
0.8,11,9.331337578666032,6.617190558275313,0.7967622101672315,0.3347545316425832
0.8,12,9.283847357589584,6.567293548286606,0.7717889424676643,0.3415086033787134
0.8,13,9.231019571311649,6.558524588802292,0.7498475104340899,0.3489812961930341
0.8,14,9.183438835047037,6.546287555619246,0.7044163884393475,0.355675273423825
0.8,15,9.16051981485799,6.534621390869442,0.6909200977489278,0.3588873303423426
0.8,16,9.160096185998542,6.526399191699491,0.6868270895610022,0.3589466255689405
0.8,17,9.156369592788472,6.543599596799539,0.679966420455218,0.3594681177362294
0.8,18,9.14811008836734,6.524892896000539,0.6813587576177224,0.36062318027987
0.8,19,9.148180260384688,6.514797739241129,0.6913206370921435,0.360613371361322
0.8,20,9.122830009521994,6.516901188736305,0.7132105407278114,0.3641520322474098
0.8,21,9.135010602523211,6.527086696293864,0.7124660238846274,0.3624529595310892
0.8,22,9.147492942562897,6.539272968442024,0.7059153717916995,0.3607094440891488
0.8,23,9.149342862282175,6.527556783476786,0.7064915341833424,0.3604508473792411
0.8,24,9.152854586287148,6.524031347110361,0.7098113130756217,0.3599598064022422
0.8,25,9.148603689316046,6.523511069329889,0.7344344064935654,0.3605541812153603
0.8,26,9.15276594010232,6.539088928420605,0.753587594754769,0.3599722040309846
0.8,27,9.15687683060118,6.538444668316842,0.7288083113198329,0.3593971483444902
0.8,28,9.172285461252896,6.561976513755335,0.7375701577826274,0.3572394000385002
0.8,29,9.156516873922383,6.545615124924656,0.7361035708926877,0.3594475115298743
0.8,30,9.170121422120792,6.556409691514803,0.7318299106170946,0.3575426603351014
0.8,31,9.17452805796962,6.567380173192159,0.7168039106625597,0.3569250554767915
0.8,32,9.179951061711142,6.572345913577211,0.700094670472348,0.3561645959747328
0.8,33,9.181300625572588,6.572533483287588,0.7144684001196214,0.355975278873294
0.8,34,9.19343251055169,6.586197662120725,0.7109290288131921,0.3542721659394514
0.8,35,9.192182055129296,6.59782766513677,0.7148744631229074,0.3544478128389473
0.8,36,9.198445506231993,6.607311275000181,0.7165072971378306,0.3535677688857266
0.8,37,9.212576281124251,6.61160277443059,0.735327905350043,0.3515801276754554
0.8,38,9.213805931014884,6.619705175889183,0.7343083500955457,0.351407020259553
0.8,39,9.222495291185895,6.6301794105689025,0.7380538948168301,0.3501830926923129
0.8,40,9.2318197190431,6.636352695850895,0.7412126805125286,0.3488684302823226
0.9,2,10.686130614739982,7.545382294394874,0.8346376460983852,0.1275609846358397
0.9,3,10.23126232291834,7.256765496902526,1.024644205761559,0.2002531057050249
0.9,4,9.982351281116324,7.042467526298647,0.9176355551109672,0.2386930053090462
0.9,5,9.710061030956496,6.8877062702686604,0.8387448173242094,0.279659153697217
0.9,6,9.567593969854876,6.793177134063199,0.8660972337474103,0.3006419223250949
0.9,7,9.538742534715094,6.794393881391782,0.8764552201589201,0.3048534432789064
0.9,8,9.438014956993175,6.723007448498655,0.8772120984592437,0.319457197676831
0.9,9,9.389860170075046,6.665408642606668,0.8055572159712676,0.3263840335477148
0.9,10,9.377049568843455,6.656306594577993,0.778607337906836,0.3282208104120638
0.9,11,9.338884560591076,6.633278150379735,0.7856143408106252,0.3336780244951256
0.9,12,9.288964817705107,6.578582768309249,0.7608351765064298,0.3407824535221828
0.9,13,9.235475238054972,6.558842553177188,0.7392856512316114,0.3483526717097327
0.9,14,9.188581603140005,6.539764430604424,0.6975107271200002,0.3549534217244642
0.9,15,9.165124890123035,6.523682508429481,0.6836478435736272,0.3582425821732941
0.9,16,9.162050084030549,6.516168160751757,0.6807258201918716,0.3586731161014787
0.9,17,9.155158590860452,6.532437386075927,0.6732901408206213,0.3596375372952096
0.9,18,9.14578821505403,6.512090914222761,0.6750559008488123,0.3609476983637455
0.9,19,9.143844299751382,6.502493447883734,0.6842702337167893,0.3612193275550345
0.9,20,9.117511460581586,6.498793599175085,0.7045907973507184,0.3648932063680636
0.9,21,9.125870999947557,6.506594132947347,0.7046305351726386,0.363728056386202
0.9,22,9.136303656709384,6.51810379868087,0.6975843313280539,0.3622724581062229
0.9,23,9.137174644094609,6.506882291067157,0.6973430774990049,0.3621508598885111
0.9,24,9.140212116175007,6.505383722904197,0.7004710557774121,0.3617267088651871
0.9,25,9.135000412438211,6.506850625341305,0.7229759505221395,0.3624543818950454
0.9,26,9.138025919816917,6.5194873103931,0.7415515357017584,0.3620320024073824
0.9,27,9.14068865903256,6.517879906849497,0.7187681636705726,0.3616601518743213
0.9,28,9.152660930793871,6.538019407421293,0.7262487622623809,0.3599868899720739
0.9,29,9.136547510018492,6.522113768157662,0.7242547653996212,0.3622384150068261
0.9,30,9.149070353568504,6.531336810769388,0.7211999412514978,0.3604889441309037
0.9,31,9.153352718179477,6.53949093354851,0.7078324430857224,0.3598901378402444
0.9,32,9.1575228143673,6.542816851193553,0.6928062686114007,0.3593067608363789
0.9,33,9.158163557744947,6.542771724363265,0.7062226990966133,0.3592171002763629
0.9,34,9.168461696535596,6.555382155222534,0.702985021376914,0.3577751995433428
0.9,35,9.16664597384327,6.566478495774084,0.7065823062526597,0.3580295468297008
0.9,36,9.170591691207036,6.575301083745016,0.7081810902754772,0.3574767646813496
0.9,37,9.183040586818004,6.579562307319485,0.7255473771206312,0.3557311556749112
0.9,38,9.183376572583535,6.586925797317463,0.7250340749859847,0.3556840102618427
0.9,39,9.190754072665133,6.596950570014932,0.7288306086081624,0.3546483670914394
0.9,40,9.199022328844956,6.60178009130307,0.732413010750384,0.3534866924865216
1.0,2,10.718397039139523,7.575553065589911,0.8339862174076452,0.1222844278931996
1.0,3,10.267896317589283,7.28857216138068,1.013228385144154,0.1945157148495787
1.0,4,10.016546198379269,7.079376273764301,0.9089450036893164,0.2334683007928156
1.0,5,9.745541947598449,6.919186970241219,0.8302413517110291,0.2743852323455129
1.0,6,9.596066905966676,6.821273985371529,0.8509989385720952,0.296473181906432
1.0,7,9.55821115658912,6.817388071619365,0.8623977975354346,0.3020129522125045
1.0,8,9.459584064374678,6.75129634098557,0.862590690061471,0.3163430950216311
1.0,9,9.408697054015851,6.6928239766303355,0.7943749745893177,0.3236786571097313
1.0,10,9.393496906602866,6.680429704485284,0.768676864615463,0.3258621433067534
1.0,11,9.354589228715948,6.654226528150369,0.7752979192686222,0.3314351090625203
1.0,12,9.302642442265302,6.599686830720342,0.7506432487340519,0.3388396819606506
1.0,13,9.248890424570638,6.573506885565526,0.7293273222211873,0.3464581683097977
1.0,14,9.202485041967067,6.550649534376979,0.6907204622811971,0.3529998773926006
1.0,15,9.178431633266545,6.535327006964135,0.676507267634433,0.3563777084109467
1.0,16,9.17280715724098,6.523322356680258,0.6744204483880032,0.357166280822151
1.0,17,9.163229426889846,6.537033735116461,0.6664760293927854,0.3585080017542444
1.0,18,9.152727346769767,6.514988155129873,0.6684411247130895,0.3599776014712025
1.0,19,9.148795619036656,6.50502924827195,0.6768942813115965,0.36052735090357
1.0,20,9.12160064924473,6.4963234799812515,0.6956653362799129,0.3643233899433186
1.0,21,9.126686050234936,6.504275763012103,0.696383744597497,0.3636143978019795
1.0,22,9.135043341198422,6.509134292506312,0.6888321939699403,0.3624483897536036
1.0,23,9.135027235423692,6.49879479389973,0.6878194954429839,0.3624506378553757
1.0,24,9.13767923946908,6.499297993154031,0.690822375923605,0.3620804082170916
1.0,25,9.13163416550978,6.500916766844164,0.7112080011723887,0.3629241663408764
1.0,26,9.133601885309428,6.5116850694535335,0.729109141572839,0.3626495776368397
1.0,27,9.134858139928182,6.5094417929266655,0.7080565318647193,0.3624742405715445
1.0,28,9.143697308109555,6.526216409089091,0.714375192582949,0.3612398647956139
1.0,29,9.127321085886727,6.508661674028479,0.7118882360629492,0.3635258351839442
1.0,30,9.13864823847394,6.51404021825818,0.7098886875472239,0.3619451055414957
1.0,31,9.14250953369026,6.521010020362946,0.6979689568876687,0.3614058050372918
1.0,32,9.145418960799976,6.522840949219372,0.6844836093040836,0.3609992998248296
1.0,33,9.145255372789808,6.521560881460476,0.696848307655819,0.3610221597765877
1.0,34,9.153588529219393,6.5313072384611175,0.6937516780494403,0.359857156063786
1.0,35,9.151155970318818,6.538741803797787,0.6969461344005408,0.3601973457625741
1.0,36,9.152936473331174,6.547153996181005,0.6984502609034273,0.3599483539677109
1.0,37,9.163787165455403,6.549918055524152,0.714346871762202,0.3584299079515247
1.0,38,9.163127874103646,6.555209817512714,0.7141843995859194,0.3585222205270638
1.0,39,9.169218248543292,6.564583977245109,0.7179243445253061,0.3576692065153425
1.0,40,9.176340308551875,6.568276906113028,0.7217464969662319,0.3566709763486498
1.1,2,10.752535402144842,7.604486261598486,0.8352883700587753,0.1166844318509118
1.1,3,10.306726152139204,7.318408014760515,1.0041133588436415,0.1884120379280222
1.1,4,10.053814849339767,7.114579832292645,0.9022249995761228,0.2277536067965208
1.1,5,9.78458876396274,6.9584522364363055,0.8236468371474367,0.2685590388705566
1.1,6,9.63026757027443,6.853981896200972,0.8382956778361731,0.291449465006722
1.1,7,9.584263255174656,6.845673162933093,0.8502526467536894,0.2982028650526319
1.1,8,9.4879905279184,6.7839710911883015,0.8496775707079184,0.3122309831839267
1.1,9,9.43474168314976,6.726043258717045,0.7847516735251676,0.3199291648601581
1.1,10,9.417224349375628,6.714152977953774,0.7602783858475519,0.3224521737235567
1.1,11,9.37776057694082,6.684593367818604,0.7663569042298773,0.3281189321936961
1.1,12,9.32419899536788,6.630535840506076,0.7418109315209197,0.3357719835702228
1.1,13,9.270536992759492,6.600586643950793,0.7206490783468159,0.3433954240721487
1.1,14,9.224553928578343,6.573157962586459,0.684795171810696,0.349892957182199
1.1,15,9.19991398131566,6.557949449087383,0.670267531604596,0.3533613545744065
1.1,16,9.191920110020298,6.5464394575936,0.6687598819070064,0.3544846042836005
1.1,17,9.180113949062704,6.55720910397579,0.6603778201970105,0.3561417475796776
1.1,18,9.16853664085319,6.537639138691871,0.6623978121270867,0.3577647002256338
1.1,19,9.16271471459896,6.523403017315561,0.6700724123111451,0.358580066858622
1.1,20,9.13484736621739,6.513985939793387,0.6873327525373327,0.3624757443746685
1.1,21,9.137184399766983,6.518127044040365,0.6886473302434571,0.362149497837155
1.1,22,9.143524874868124,6.518415474987526,0.6806128934794565,0.3612639562409775
1.1,23,9.142735106288246,6.505164090785295,0.6788879102730218,0.3613742926548006
1.1,24,9.14511985022828,6.507209032872166,0.6817963579337432,0.3610410975248537
1.1,25,9.138420776989864,6.506095307593108,0.7001317429615357,0.3619768675927851
1.1,26,9.13946088969284,6.5155119905643755,0.7172721563697556,0.3618316228625239
1.1,27,9.139434972841553,6.511779684789323,0.69773243094537,0.3618352421769839
1.1,28,9.145554693476402,6.523674028343788,0.7030161032662863,0.3609803320948053
1.1,29,9.129055440171031,6.50411605914772,0.7000924037364417,0.363283929248589
1.1,30,9.139156696976196,6.509875010973709,0.6989953587661188,0.3618741030359318
1.1,31,9.142412263796816,6.516649700867248,0.6883162614336074,0.3614193933542923
1.1,32,9.144137354405588,6.51795344084192,0.676246057260596,0.3611783818340169
1.1,33,9.143175347617392,6.51897584364514,0.6874989540834942,0.3613127889152918
1.1,34,9.1495419859125,6.527202172965648,0.6844064995938549,0.3604230091537524
1.1,35,9.146515834334537,6.531756985823403,0.6871683713762767,0.3608460110598931
1.1,36,9.14636386513673,6.538593449318927,0.688509560288274,0.3608672499477521
1.1,37,9.155759258409308,6.539401476891098,0.7029359967563849,0.3595535065129437
1.1,38,9.154101380522148,6.541524346266548,0.7029785343293827,0.3597854230407754
1.1,39,9.158981300837011,6.54746667586519,0.7065717697373127,0.3591026626643776
1.1,40,9.16494877410348,6.547438692692599,0.710472437161428,0.3582672458145162
1.2000000000000002,2,10.787966047088725,7.633901340890489,0.838276505262963,0.1108536205127308
1.2000000000000002,3,10.34721100327414,7.34768785514091,0.997093594519402,0.1820236758868555
1.2000000000000002,4,10.093552810324734,7.1516103381304,0.8974278983266025,0.2216368950678602
1.2000000000000002,5,9.826670130325065,6.999406155883435,0.8190039360086458,0.2622539759015053
1.2000000000000002,6,9.669374326626093,6.893089258932835,0.8281038330000188,0.2856831924179179
1.2000000000000002,7,9.6161366399562,6.878328909691751,0.8402573906248219,0.293527316381298
1.2000000000000002,8,9.522403663643148,6.81954438561724,0.8387578322023559,0.3072328308066653
1.2000000000000002,9,9.467159585941308,6.762831044421037,0.777004012295055,0.3152476702406425
1.2000000000000002,10,9.447419232215427,6.751346453799267,0.753725564148645,0.3181003020988884
1.2000000000000002,11,9.40759728256553,6.722906276182212,0.759161889583061,0.3238367566699572
1.2000000000000002,12,9.35282998677322,6.666159737264667,0.7347497972687439,0.3316865486014835
1.2000000000000002,13,9.299547047405458,6.633138034641415,0.7137284129761561,0.3392796025045385
1.2000000000000002,14,9.254009237488226,6.6063586353268375,0.680288429470291,0.3457345606198913
1.2000000000000002,15,9.22882677234622,6.589172969426765,0.6654967348395396,0.3492905542492717
1.2000000000000002,16,9.218697145972303,6.578378547379427,0.6643802335298632,0.350718217010336
1.2000000000000002,17,9.205070725632494,6.587907547849895,0.6556358284172175,0.3526362424246209
1.2000000000000002,18,9.192516630503944,6.5685703475893185,0.6576004540485858,0.3544008186009557
1.2000000000000002,19,9.184945170817334,6.551341858605012,0.6644878660294148,0.3554638822443855
1.2000000000000002,20,9.156627835145754,6.540733736335921,0.6802974809339065,0.3594319866486571
1.2000000000000002,21,9.156681636544198,6.544154071646629,0.682140456380328,0.3594244590835348
1.2000000000000002,22,9.161112314947715,6.542162741382507,0.673673875995246,0.3588043936517235
1.2000000000000002,23,9.159642394656096,6.530877340495227,0.6713088591408504,0.3590101395888262
1.2000000000000002,24,9.161853340529142,6.530804908736812,0.6741273057925165,0.3587006591820731
1.2000000000000002,25,9.154685844035283,6.526509159535583,0.6905359367146686,0.3597036686466541
1.2000000000000002,26,9.154933487265822,6.5359918300866005,0.7068435125854804,0.3596690268906465
1.2000000000000002,27,9.153789543169273,6.528943329176945,0.6886485635550007,0.3598290405211169
1.2000000000000002,28,9.15764015774317,6.536231555788811,0.6930257488951514,0.3592903412017713
1.2000000000000002,29,9.141175476468192,6.518011633078882,0.6897352598413532,0.361592156287849
1.2000000000000002,30,9.150074097854391,6.524287106955089,0.6893999318273416,0.3603486149488103
1.2000000000000002,31,9.15263160742218,6.527579754902645,0.6797718398071019,0.3599909909242212
1.2000000000000002,32,9.15329099853854,6.527979012451217,0.6690082686180286,0.3598987701346339
1.2000000000000002,33,9.151599642169126,6.526073212143254,0.6791313868980579,0.3601353056641315
1.2000000000000002,34,9.156102717939111,6.530962840010144,0.6759449574523291,0.3595054555384426
1.2000000000000002,35,9.1525484337618,6.535557504185502,0.6782702201115545,0.3600026229121292
1.2000000000000002,36,9.150744846264564,6.540448990412175,0.6793891277150921,0.3602548319104159
1.2000000000000002,37,9.15885467714936,6.540159023102413,0.6923713598137915,0.3591203834611829
1.2000000000000002,38,9.156271888962328,6.542115511270649,0.6924971194137121,0.3594817873639427
1.2000000000000002,39,9.160051568476009,6.543921246180726,0.6958784134120972,0.3589528705129102
1.2000000000000002,40,9.164915382678762,6.542222274663582,0.6997308962102553,0.3582719219632745
1.3,2,10.824217459653308,7.662720576145303,0.8427023884330826,0.1048678825222109
1.3,3,10.388887159801452,7.379520866292026,0.991966327539341,0.1754211696038158
1.3,4,10.135227930717866,7.189105804904866,0.8944599926784668,0.2151960820294217
1.3,5,9.871276143062598,7.041470665588608,0.8162906965560655,0.2555411022168448
1.3,6,9.712585388580116,6.934382231239414,0.8204364036652503,0.279284566087784
1.3,7,9.65305837011729,6.915289409839597,0.8325314752598718,0.2880918133974792
1.3,8,9.562000936066912,6.854388668386052,0.8299986337781186,0.3014593462388966
1.3,9,9.505114906793583,6.797941478337548,0.7713148458466755,0.3097461059928762
1.3,10,9.483271604818588,6.787589436705221,0.7492005343262622,0.3129149471902456
1.3,11,9.443282432170324,6.759966659397045,0.7539397354986936,0.3186973466531757
1.3,12,9.387708171623476,6.705032874558836,0.729713507381959,0.3266927611274978
1.3,13,9.335033485380457,6.671653717947557,0.7088647530183809,0.3342274534859932
1.3,14,9.290018099322012,6.644305937997975,0.677568038415651,0.3406329468542606
1.3,15,9.26435433231218,6.625318665074931,0.6625724682193316,0.3442709309500025
1.3,16,9.252353396504756,6.614250219597283,0.661711795825139,0.3459686780876393
1.3,17,9.237260897763708,6.6209201107512055,0.6526815963492606,0.3481006580688072
1.3,18,9.223847473098704,6.6022423125608745,0.6545127254832658,0.3499925292807133
1.3,19,9.214691969552447,6.586044937971394,0.6606180714332905,0.3512822713748258
1.3,20,9.18615437893584,6.574692611968388,0.6750546725085822,0.355294163297833
1.3,21,9.184314678037849,6.576694799392087,0.6773637361164263,0.3555523664787843
1.3,22,9.186967964431773,6.574419043919377,0.6685363786307039,0.3551799595682112
1.3,23,9.18487791194558,6.563286570230478,0.6656142617260532,0.3554733217375031
1.3,24,9.186962046247704,6.563612695194917,0.6683315103335367,0.3551807903455635
1.3,25,9.179489865641791,6.558909353958746,0.6829698029589504,0.3562292862757448
1.3,26,9.179062085083858,6.567205167171471,0.6983889222551133,0.3562892865986903
1.3,27,9.176972379825507,6.560071540350348,0.6814133747833063,0.3565823475955496
1.3,28,9.178985554439205,6.566649616156819,0.685008180195081,0.3563000204601769
1.3,29,9.162700819621335,6.5498609094935025,0.6814277733305195,0.3585820122447087
1.3,30,9.170447011862024,6.55484610326378,0.6817246098324922,0.3574970379877366
1.3,31,9.172275946587654,6.55803274858277,0.6729816012676411,0.3572407335444825
1.3,32,9.171997000273658,6.557194989338187,0.6634278884973709,0.3572798280075913
1.3,33,9.169669547378922,6.554424572936145,0.6724431497602515,0.3576059753291727
1.3,34,9.172480198291126,6.557383320635688,0.6691067127328213,0.3572121068137542
1.3,35,9.168475130165929,6.559957582269348,0.671012002647898,0.3577733175663731
1.3,36,9.165316071723655,6.562384271064205,0.6718678729100858,0.3582158081813453
1.3,37,9.172307963018532,6.562479920177641,0.6834620471326548,0.3572362463498838
1.3,38,9.168920379719609,6.5641180726773625,0.6835793992077795,0.3577109390174888
1.3,39,9.171724174051151,6.5648338889935784,0.6867078407053034,0.3573180635867552
1.3,40,9.175568835621435,6.562903220455584,0.6904215183303563,0.356779143667539
1.4,2,10.860910735908837,7.689945774138492,0.8483385309855824,0.0987887360558019
1.4,3,10.431362162694612,7.409978587989937,0.9885356266328348,0.1686647989707759
1.4,4,10.178379898382898,7.227816348518047,0.8931980182114159,0.2084990590361225
1.4,5,9.917935340862876,7.083221551258193,0.8154367675965869,0.2484867054874708
1.4,6,9.75915552511915,6.975194590758802,0.8152292581927375,0.2723565894243152
1.4,7,9.694284991602174,6.954390901566085,0.8271013387367274,0.2819979430819237
1.4,8,9.606004485744046,6.897585683262877,0.8234730857106326,0.2950152983729197
1.4,9,9.547815383596449,6.836799833337168,0.7677632173626915,0.3035304263102995
1.4,10,9.524019578301402,6.8246115550773645,0.7467831953640875,0.3069976910990099
1.4,11,9.484039121680723,6.796547766892539,0.7508030299467782,0.3128037259311879
1.4,12,9.428041281300088,6.743125704834814,0.7268292032664914,0.3208947726044113
1.4,13,9.37615817658877,6.708909742994891,0.7062114306133548,0.3283485244227213
1.4,14,9.331772412572652,6.683448396760878,0.676843482988846,0.3346925302363861
1.4,15,9.305701163957943,6.663886492634714,0.661710349558347,0.3384048296295933
1.4,16,9.292106895713609,6.653318065564706,0.6610092232040903,0.3403364052667278
1.4,17,9.275856227435586,6.657320616878274,0.651768067050584,0.3426417167452569
1.4,18,9.261707524556964,6.637102662446753,0.6534142268860765,0.3446455584298871
1.4,19,9.251148435848446,6.620544586463339,0.6587565501727072,0.3461390197639743
1.4,20,9.22261366957961,6.608914729062328,0.6719098025240707,0.3501664107048553
1.4,21,9.219199243531502,6.610966167575166,0.6746223660697032,0.3506474886479217
1.4,22,9.22022204323233,6.609135302989775,0.6655178677482911,0.3505033992582906
1.4,23,9.217544667166912,6.598820436653716,0.6621282402153432,0.3508805472633657
1.4,24,9.21950583191839,6.598548388723541,0.6647250606906635,0.3506042989426061
1.4,25,9.2118616539342,6.593696800525322,0.6777626689711553,0.3516807207093406
1.4,26,9.21085376122556,6.600647472990696,0.692255710758487,0.3518225813998221
1.4,27,9.207982144856633,6.592771716415772,0.6764063990517294,0.3522266756971123
1.4,28,9.208540761640675,6.59844156258533,0.6793343874182212,0.3521480769288192
1.4,29,9.192554899781475,6.582665385538262,0.6755420350258409,0.3543954432142864
1.4,30,9.19920967247898,6.587045242941573,0.6763526975958414,0.3534603589520464
1.4,31,9.200315302298833,6.590114528970561,0.6683539573738084,0.3533049376736257
1.4,32,9.1992165065901,6.589360798162482,0.6599190134619969,0.353459398320525
1.4,33,9.196344690860418,6.586733821769357,0.6678801823421863,0.3538630100082409
1.4,34,9.197668493817304,6.588926879153783,0.6643751349259168,0.3536769753062913
1.4,35,9.19328376514228,6.591199673792596,0.6658909178355824,0.3542930609150591
1.4,36,9.189055558818412,6.592807985795218,0.6664645713516546,0.354886875790267
1.4,37,9.19507760323619,6.593340811538257,0.6767537521954562,0.3540410493943955
1.4,38,9.191023735307905,6.594535810646571,0.6768011261037843,0.3546104964709209
1.4,39,9.192975517806037,6.595169495489406,0.6796563294865432,0.354336360809249
1.4,40,9.195899638545692,6.593543444479607,0.6831723174733249,0.3539255474216193
1.5,2,10.897744058221589,7.715656743301365,0.8549784217994871,0.0926656965997343
1.5,3,10.474306491172998,7.440091083906371,0.986614272341525,0.161805748455474
1.5,4,10.2226143826665,7.264277867087069,0.8935004986700487,0.2016045011063532
1.5,5,9.966221173113912,7.126888303851434,0.8163358317222584,0.2411513525129371
1.5,6,9.80841382462846,7.015511430650122,0.8123618162185771,0.2649926464054853
1.5,7,9.739124581490197,6.992886573724977,0.8239206664354982,0.2753405414490545
1.5,8,9.653698088115211,6.941014726391652,0.8191782340342597,0.2879974525114337
1.5,9,9.594532511765946,6.8800083655852715,0.7663471303838583,0.2966981493178193
1.5,10,9.568966513913333,6.869644807058464,0.7464735220302499,0.3004412514710164
1.5,11,9.5291540429836,6.838081611269806,0.7497746198865796,0.3062502850328107
1.5,12,9.473095974274234,6.7854678988032395,0.7261252017000002,0.314388652248829
1.5,13,9.422157565755656,6.747371808156234,0.7058078142035197,0.3217421204439262
1.5,14,9.378522620513102,6.722483261363435,0.6781976172240163,0.3280097326790122
1.5,15,9.352130382056426,6.703621857285702,0.6629966534762891,0.3317865264171098
1.5,16,9.33722193274522,6.691868986875884,0.6623871490883168,0.3339152577208226
1.5,17,9.320085185272085,6.694876598683604,0.6530063037016011,0.336357965300963
1.5,18,9.305326296228817,6.675012705950005,0.6544365912212632,0.3384581315096685
1.5,19,9.29355373833392,6.658914050054503,0.6590467709029617,0.3401309612872016
1.5,20,9.265231887174927,6.645744049654031,0.671012427843335,0.3441466987657837
1.5,21,9.260504994373726,6.646253361218095,0.6740637745083522,0.3448157284190943
1.5,22,9.260054846119704,6.644547652672466,0.6647706542681593,0.3448794231933855
1.5,23,9.256810042338657,6.635277722434116,0.6610051895165104,0.3453384626529748
1.5,24,9.258624066872196,6.63506635674478,0.6634592080937903,0.3450818540703976
1.5,25,9.25091239192975,6.631044725662366,0.6750642679103449,0.3461723859865853
1.5,26,9.249404042590454,6.637063252482184,0.6886119588633154,0.3463855801037655
1.5,27,9.245900725205129,6.629372247992251,0.6738174595527519,0.3468806141843357
1.5,28,9.24532928115728,6.6351679291432415,0.6761832198510437,0.3469613439397503
1.5,29,9.229733658076864,6.620495554435817,0.672253062268946,0.3491626619136119
1.5,30,9.235362057418174,6.623151132038715,0.6734708176822912,0.348368643472042
1.5,31,9.235769694345947,6.625168746725998,0.6660994006639596,0.3483111178731916
1.5,32,9.233956683747422,6.622917845322817,0.6586935834083641,0.3485669499091571
1.5,33,9.230620807324344,6.619936024499856,0.6656759452037502,0.3490375407291743
1.5,34,9.23067328727402,6.6211117543506015,0.6620122787134519,0.3490301387190754
1.5,35,9.225968615432905,6.623753399666908,0.663176405883171,0.3496935397539855
1.5,36,9.220932833755446,6.6247447952388345,0.6634684144302494,0.3504032555044718
1.5,37,9.226108383834562,6.625552877726155,0.6725549591384423,0.3496738360270793
1.5,38,9.221525821378131,6.6256065789042475,0.6724967061509999,0.3503197031736731
1.5,39,9.222741151891377,6.625736451913946,0.6750739985625035,0.3501484455457906
1.5,40,9.224846735688107,6.623799307653524,0.6783583008558285,0.3498516849457588
1.6,2,10.934478527509569,7.740009122660695,0.862436113726882,0.0865384431801143
1.6,3,10.51744475014529,7.468523110014345,0.9860246993639034,0.1548873526108467
1.6,4,10.26759503113161,7.299068186542977,0.8952157397135236,0.1945629841127327
1.6,5,10.01575237046764,7.16830669697269,0.8188555068309424,0.233589793797258
1.6,6,9.85976859390218,7.053876840709107,0.8116732848734268,0.2572758128586031
1.6,7,9.78694626707421,7.031696699075438,0.8228869255123687,0.2682065289962888
1.6,8,9.704432061766813,6.983029521739577,0.8170493724183227,0.2804940817435523
1.6,9,9.644606154360956,6.923437161988792,0.7670008460582927,0.2893379608941726
1.6,10,9.617481559677303,6.914491838191377,0.7482083545403762,0.2933296870163132
1.6,11,9.577980903308536,6.883383925627348,0.7508069446035007,0.2991226001276393
1.6,12,9.522201227851191,6.8317019483714265,0.727553350020013,0.307262285424387
1.6,13,9.472342323095363,6.792089719499079,0.7076068162279973,0.3144977382852965
1.6,14,9.42958272540812,6.766915974192568,0.6816158914306037,0.3206726928968374
1.6,15,9.402968510516656,6.746361650326409,0.6664181962324353,0.3245019712738788
1.6,16,9.387017378323092,6.73371355138701,0.6658529544909874,0.3267918479351521
1.6,17,9.36923905911304,6.734646130512486,0.6563993878777078,0.3293394464327048
1.6,18,9.353993921460726,6.714856820695795,0.6575983334653294,0.3315201986065769
1.6,19,9.34120372691452,6.699533121168369,0.6615164315285458,0.3333470420628799
1.6,20,9.313289192031586,6.685965934078459,0.6723915555375269,0.337325437670341
1.6,21,9.3074718149659,6.684650544259282,0.675715736781677,0.3381530343947361
1.6,22,9.305714950223676,6.682443009780131,0.6663218090027653,0.3384028693402133
1.6,23,9.301922993997977,6.674606243774656,0.6622701740210162,0.3389419437114315
1.6,24,9.303554123385094,6.674221197282678,0.6645591703357319,0.3387100850382338
1.6,25,9.295858371809713,6.671515679793114,0.6748890203386999,0.3398036495011779
1.6,26,9.293921193016557,6.676515649215735,0.6874895666777672,0.3400787795774836
1.6,27,9.289922865151478,6.66813346432671,0.6736916678436288,0.3406464654398764
1.6,28,9.288489856564055,6.673527041899252,0.6755877840704313,0.3408498657084646
1.6,29,9.273353798178098,6.65958998264057,0.6715864128060162,0.3429963515451687
1.6,30,9.278023381120772,6.662163425896811,0.6731163745214608,0.3423345186153895
1.6,31,9.277771399118809,6.6638595747315295,0.6662767770504264,0.3423702412272909
1.6,32,9.275340010438509,6.6622226094609385,0.6598100479742565,0.342714880897063
1.6,33,9.271609664325135,6.6577953623252935,0.6659005896714275,0.3432434670050079
1.6,34,9.270601342409597,6.658451760481945,0.6621072341931343,0.3433863086516733
1.6,35,9.26562781165276,6.6608214998422355,0.662959913178736,0.3440906453551191
1.6,36,9.26001474314514,6.661351234566542,0.6629862838222575,0.3448850975068478
1.6,37,9.264445204246636,6.661915781328246,0.6709828312524561,0.344258067093745
1.6,38,9.259460572863455,6.66130636767747,0.6708032842876933,0.3449635065281736
1.6,39,9.260044324480113,6.660907395669597,0.6731090481133165,0.3448809119402225
1.6,40,9.261432437468114,6.659883860492202,0.6761455730881114,0.3446844879399641
1.7000000000000002,2,10.97092593676611,7.763388411987345,0.8705454250439417,0.0804386928051665
1.7000000000000002,3,10.560547406897438,7.49529256035158,0.9865995760834136,0.1479462669986583
1.7000000000000002,4,10.313035254043236,7.333224047583228,0.8981876916349503,0.1874181319553507
1.7000000000000002,5,10.06619033648522,7.207293925416277,0.8228455905349119,0.2258512826773023
1.7000000000000002,6,9.912704687622163,7.092369648979945,0.8129756913199853,0.2492791827012458
1.7000000000000002,7,9.837182171757425,7.0687396436847125,0.8238554285970293,0.2606747298852702
1.7000000000000002,8,9.757622028813593,7.024439949519737,0.8169725388376246,0.2725852466705006
1.7000000000000002,9,9.697441570667635,6.9665082906498315,0.7696088845519963,0.2815302862608895
1.7000000000000002,10,9.668993183447684,6.958581101179048,0.7518747914232117,0.2857395045645744
1.7000000000000002,11,9.629934595541252,6.927788580023435,0.753797510062007,0.2914984616404874
1.7000000000000002,12,9.57474285520154,6.878141668679993,0.7310067702760753,0.2995964142097004
1.7000000000000002,13,9.52608644616729,6.838614871991667,0.7114968261092006,0.3066968728126712
1.7000000000000002,14,9.48432274251939,6.813064277216879,0.6870106724258735,0.3127626240134549
1.7000000000000002,15,9.457595938148009,6.7930752077849235,0.6718870201634627,0.3166304339536726
1.7000000000000002,16,9.440859517820613,6.78108910716997,0.671333721872635,0.3190469128591504
1.7000000000000002,17,9.422661172366755,6.780320605945136,0.6618699849023901,0.3216696138490732
1.7000000000000002,18,9.407051395459607,6.761813962528524,0.6628337309970687,0.3239152247582385
1.7000000000000002,19,9.393440990643578,6.747332318026094,0.6661065077344983,0.3258701690618333
1.7000000000000002,20,9.366110774446964,6.733302032101364,0.675986091830676,0.3297872238584585
1.7000000000000002,21,9.359397797578342,6.731441715088446,0.6795181537276727,0.3307476033889607
1.7000000000000002,22,9.356506319696615,6.7271823314480566,0.6701068351968202,0.3311610551144104
1.7000000000000002,23,9.352196025988798,6.719939679397045,0.665853647354065,0.3317771458134994
1.7000000000000002,24,9.353609297093811,6.71887750640141,0.6679579584036699,0.3315751715596216
1.7000000000000002,25,9.345998143269307,6.716248280542023,0.6771545546822022,0.3326625409700272
1.7000000000000002,26,9.343700780667092,6.720092979890522,0.6888218326126897,0.332990580344405
1.7000000000000002,27,9.339331752738584,6.711304617927705,0.6759695728129103,0.3336142093601466
1.7000000000000002,28,9.337256852030713,6.715147884218989,0.6774767026719744,0.3339102756722139
1.7000000000000002,29,9.322634175506831,6.702025456524578,0.6734609850800386,0.3359949110249558
1.7000000000000002,30,9.326415101824466,6.703184471128559,0.6752200728210095,0.3354562084728434
1.7000000000000002,31,9.325552550774011,6.703860202659486,0.6688354701185538,0.3355791231046571
1.7000000000000002,32,9.322593199626906,6.702185963230495,0.6632175876989709,0.3360007480303532
1.7000000000000002,33,9.318531936224671,6.6986431801191415,0.6685072481823768,0.3365791468552223
1.7000000000000002,34,9.3166602203501,6.698654621134015,0.66462368853138,0.3368456288812893
1.7000000000000002,35,9.311465325612902,6.700492156037441,0.6652042236814413,0.3375849617782939
1.7000000000000002,36,9.305472618862805,6.7009330806165135,0.6649915057387572,0.338437326369329
1.7000000000000002,37,9.30924322108876,6.7018738288865665,0.672012902028869,0.3379010838421799
1.7000000000000002,38,9.30396877021929,6.700322988177431,0.6717104596940922,0.3386511381290226
1.7000000000000002,39,9.304015626409855,6.700247620697534,0.6737583317391046,0.3386444768069359
1.7000000000000002,40,9.304784911674394,6.699674872442138,0.6765431466660285,0.3385351063775558
1.8,2,11.006938602748184,7.7854342161492145,0.8791588999272038,0.074391763548528
1.8,3,10.603423519675491,7.520484348830143,0.9881822386036718,0.1410134987382154
1.8,4,10.358690730231071,7.365825928588747,0.9022604119708532,0.1802076592212229
1.8,5,10.117235400902176,7.243947466010207,0.8281451212178244,0.2179800498313889
1.8,6,9.966777009659763,7.131215514856872,0.8160646018377051,0.2410667050691521
1.8,7,9.889325206792918,7.108077817661244,0.8266516884545073,0.252816212325583
1.8,8,9.812745075429447,7.066516123416155,0.8187961863073613,0.264343366279362
1.8,9,9.752503874360409,7.0091215796249315,0.7740182699588797,0.2733481466131422
1.8,10,9.722981549925713,7.00294277006845,0.7573218568906811,0.2777408609586
1.8,11,9.68448320350145,6.970269145408837,0.7586020260140326,0.283449137502177
1.8,12,9.630156439304749,6.922726156785589,0.7363344822768788,0.2914658179176081
1.8,13,9.582815600712015,6.886141598006161,0.7173191228935146,0.2984148548528775
1.8,14,9.542159310010897,6.861891966284927,0.6942408529112216,0.3043553514257892
1.8,15,9.515435805541,6.840126114901094,0.6792601435378055,0.3082463012344123
1.8,16,9.49815273495532,6.827869124916038,0.678697554883591,0.3107569104441795
1.8,17,9.479734600705273,6.82679410639896,0.6692817375689983,0.3134273799361456
1.8,18,9.46387827207299,6.809055110164756,0.6700152444482782,0.3157222577682889
1.8,19,9.449642151689185,6.793558369915485,0.672693982767166,0.3177793707608161
1.8,20,9.423054103704745,6.7794082725617795,0.6816687619239696,0.3216130389985621
1.8,21,9.415621799065107,6.777164769910135,0.6853471476737664,0.3226827537866865
1.8,22,9.411769434934962,6.772405886555633,0.6759952560352825,0.323236883706719
1.8,23,9.40698094378283,6.766453973891777,0.6716181351596555,0.3239253514442096
1.8,24,9.408149285449603,6.765397955995679,0.673522360501058,0.3237574048440869
1.8,25,9.400680499267818,6.762862533488456,0.6817110505623695,0.3248306672699682
1.8,26,9.398090332376055,6.7661582481340155,0.6924721984467082,0.3252026744515218
1.8,27,9.393462904985764,6.758055869910119,0.6805182409851587,0.3258670236481258
1.8,28,9.390924746745764,6.7616487453863465,0.6817059464104788,0.3262312822859342
1.8,29,9.37685843157188,6.7494370741437955,0.6777223557783935,0.3282481965812028
1.8,30,9.379823331150565,6.750474172662794,0.6796390218889086,0.3278233226149688
1.8,31,9.378408660062425,6.7504291314859115,0.6736485620755712,0.3280260635770743
1.8,32,9.375009123596971,6.748904229036693,0.6687905374150842,0.3285131368008273
1.8,33,9.37067858809152,6.74543611071871,0.673368911452097,0.3291333444297043
1.8,34,9.368123671231348,6.745230353423937,0.6694388763875961,0.3294991183383488
1.8,35,9.362755110545292,6.746588523557048,0.6697840076353561,0.3302673817359816
1.8,36,9.35654894761631,6.746881129397585,0.6693649180354798,0.3311549606862541
1.8,37,9.35973413845108,6.748129723789837,0.6755222484114575,0.3306995017942667
1.8,38,9.354267809637618,6.746233537079865,0.6751045001343898,0.3314810513939358
1.8,39,9.353863530898332,6.746369558811142,0.6769126544456032,0.3315388351056969
1.8,40,9.354109180732443,6.745326736990784,0.6794498866102561,0.3315037245805281
1.9,2,11.042401119189323,7.806726783829405,0.888146617901007,0.0684178454863573
1.9,3,10.645914557727371,7.544179219581799,0.990627028973159,0.1341152814564685
1.9,4,10.404352960164186,7.396425395397974,0.9072815277083196,0.1729642627532528
1.9,5,10.168622879677972,7.279106193712391,0.8345884430016011,0.2100158010066406
1.9,6,10.021602528673233,7.170589896099528,0.8207280169196688,0.2326942184629834
1.9,7,9.94292480519011,7.145637096555355,0.8310823386988231,0.2446948731802674
1.9,8,9.869335033382036,7.106610222623576,0.8223422597748395,0.2558338575345589
1.9,9,9.809312294592154,7.050998116060827,0.7800497364104356,0.2648579840047643
1.9,10,9.778972200312564,7.045115523798226,0.7643713114964922,0.2693985234356354
1.9,11,9.74114108543079,7.010952537876538,0.7650462142377936,0.2750404261929516
1.9,12,9.687921758558083,6.967988206394455,0.7433541427782027,0.2829402126677475
1.9,13,9.641998750684088,6.933709196827406,0.7248822479603956,0.2897221616191519
1.9,14,9.602549055054224,6.911068898208636,0.7031279318610826,0.2955223952911247
1.9,15,9.575946691564518,6.889805049445102,0.688355696662762,0.2994202790749556
1.9,16,9.558333781965665,6.87910605167968,0.6877707266459375,0.3019950426952964
1.9,17,9.539874820941458,6.877928323185599,0.6784562106519294,0.3046884002274065
1.9,18,9.523885123111178,6.860677515244579,0.6789710733335386,0.3070172578583565
1.9,19,9.5092103546328,6.8443709783944575,0.6811096441308866,0.3091511615116639
1.9,20,9.483501380711342,6.829124649427094,0.6892647399207545,0.3128816511926999
1.9,21,9.475511671473484,6.824940989011709,0.6930331776291727,0.3140389375217045
1.9,22,9.470868808167202,6.819858443291195,0.6838096889603614,0.3147109947779798
1.9,23,9.46565263216472,6.813760154558289,0.6793781645777291,0.315465646492848
1.9,24,9.46655964520678,6.812951775576194,0.6810721517605927,0.3153344539892982
1.9,25,9.459281765787292,6.809986699141325,0.6883624606487702,0.3163867893771095
1.9,26,9.456464268360332,6.812323906624064,0.6982551593943293,0.316793964395951
1.9,27,9.45167829907373,6.804210059725324,0.6871538641519809,0.3174853381646796
1.9,28,9.448821243152803,6.80726260286812,0.6880817991577076,0.3178978972411506
1.9,29,9.435345762130767,6.796522069491786,0.6841668811803754,0.3198420761697432
1.9,30,9.437568961602228,6.79766907099264,0.6861806274526274,0.3195215145449727
1.9,31,9.4356681648397,6.797399888801123,0.6805368894960653,0.3197955938236549
1.9,32,9.43191422243756,6.795339445699895,0.6763528902731143,0.3203367193016512
1.9,33,9.427376055268372,6.792205507817794,0.6803050261354381,0.3209906021673964
1.9,34,9.424298982805109,6.791225402989168,0.6763721813198297,0.3214337838389332
1.9,35,9.418806123818491,6.792114511122836,0.6765155383539418,0.3222245444768422
1.9,36,9.412523425413369,6.792238596207085,0.6759254882592464,0.3231284464168551
1.9,37,9.415190563620508,6.793546853673696,0.6813223696495937,0.3227447946208098
1.9,38,9.409617293608392,6.791781502248733,0.6808025087188516,0.3235463522624212
1.9,39,9.40883972339591,6.791756614020932,0.682391856811298,0.3236581460702697
1.9,40,9.408652087030266,6.79060391858108,0.6846909931348873,0.3236851217794363
2.0,2,11.077223781043058,7.827267356214227,0.8973949155343761,0.0625330165067914
2.0,3,10.687889245832844,7.566453856579282,0.9937995232187928,0.1272738040491235
2.0,4,10.449843880580206,7.425127046017428,0.9131049064541504,0.1657163607117341
2.0,5,10.220119365232032,7.312274036832512,0.8420103143108251,0.2019941798169691
2.0,6,10.076852156952004,7.20784994714715,0.8267536645099848,0.2242105019101501
2.0,7,9.997581826376551,7.182906979639566,0.8369446087753633,0.2363681089144704
2.0,8,9.92697758847243,7.144448509122091,0.8274164670709838,0.2471157614857427
2.0,9,9.86743501701922,7.091425354540126,0.7875079943923041,0.2561203594599404
2.0,10,9.836531461056271,7.085436044691739,0.7728277748371841,0.260772536542707
2.0,11,9.799463806581864,7.0520190682046335,0.7729366418931154,0.2663333989241868
2.0,12,9.747559165948676,7.011722163681415,0.7518635008545859,0.2740848129497353
2.0,13,9.70314345218417,6.978929746492889,0.7339743642843349,0.2806851492183309
2.0,14,9.664985286455575,6.957918648004373,0.7134696137271939,0.2863315184653573
2.0,15,9.638619586484316,6.938129037543661,0.6989666232514788,0.2902199266415838
2.0,16,9.620870201579674,6.928359988457086,0.6983520458053316,0.2928316201394229
2.0,17,9.602527719537417,6.927209793739362,0.6891870511103214,0.2955255257884526
2.0,18,9.586511550049316,6.911107325295297,0.689499647349616,0.297873568595154
2.0,19,9.571573841811004,6.895538610899414,0.6911527615847181,0.3000599715208658
2.0,20,9.546858476828367,6.879340019040938,0.6985668786514636,0.3036700232809268
2.0,21,9.53846031643875,6.875286894095504,0.7023755037327906,0.3048945766170048
2.0,22,9.533189313651828,6.870138244955316,0.6933408642022675,0.3056626020962781
2.0,23,9.527603570677668,6.865166053573856,0.6889158577142427,0.3064760243183141
2.0,24,9.528243568709357,6.862936655007329,0.6903949762131553,0.3063828489707927
2.0,25,9.521196422466549,6.860444448242874,0.6968823478688794,0.307408476382506
2.0,26,9.518213516815882,6.861449697079874,0.7059520241854473,0.3078423738588829
2.0,27,9.513355805013944,6.854348301814087,0.6956585623327687,0.3085486921762268
2.0,28,9.510295475208926,6.856770239060701,0.6963777036454194,0.3089934834218598
2.0,29,9.497437511512338,6.8472501004520465,0.6925591980064448,0.3108607083655109
2.0,30,9.498993859229394,6.8481572757226505,0.6946198739469296,0.3106348309663257
2.0,31,9.496677815693127,6.84790133343942,0.689286493577447,0.3109709518494734
2.0,32,9.492652380434992,6.846334078154023,0.6856955886077412,0.3115549569162745
2.0,33,9.487968046888623,6.843439011178788,0.6891002704493233,0.3122342424067058
2.0,34,9.48451005346918,6.841947245783369,0.6852054818064398,0.3127354785102341
2.0,35,9.478943483160467,6.842306250472905,0.6851776268756744,0.3135419690051632
2.0,36,9.472694536567724,6.841696098558461,0.6844521389172235,0.3144467587888834
2.0,37,9.474905889178302,6.842102892561393,0.6891828596987292,0.3141266435576686
2.0,38,9.469299024008452,6.840081132410992,0.6885771881054794,0.3149381474698367
2.0,39,9.46821863693749,6.839870625196747,0.6899701663546918,0.3150944609929857
2.0,40,9.467681608847236,6.837852663070971,0.692044274358491,0.3151721531327031
2.1,2,11.1113373982233,7.846670532287531,0.906805068506273,0.056750045228369
2.1,3,10.729239301637294,7.587381165923221,0.9975766225587792,0.1205078122677051
2.1,4,10.495011423838315,7.452030964907808,0.9195926537730612,0.158488696690121
2.1,5,10.271519401220113,7.343893396394541,0.8502500582538901,0.1939471754499305
2.1,6,10.13224320454466,7.242936831585193,0.83393479804732,0.2156582482283739
2.1,7,10.052943345530188,7.218134187862322,0.8440342565757941,0.2278874836410591
2.1,8,9.985305495426616,7.18016116790109,0.8338173903670045,0.2382423305625666
2.1,9,9.926484686489054,7.130950580548969,0.7961908488557038,0.2471905252127851
2.1,10,9.895263190505569,7.125325659507811,0.7824879299854312,0.2519186592402587
2.1,11,9.859044607406588,7.091326350470495,0.7820704765348792,0.2573848828705996
2.1,12,9.80862734128091,7.05384125811919,0.7616506253037216,0.2649606457128913
2.1,13,9.765793685233616,7.021930274192654,0.7443740062508807,0.2713663692757631
2.1,14,9.72899691723378,7.002337585046259,0.7250514567768566,0.2768468969095234
2.1,15,9.702977646065102,6.984099365214347,0.7108725409676766,0.2807097321352744
2.1,16,9.685261321000535,6.975062970580672,0.7102252048067175,0.2833339876996532
2.1,17,9.667170914837488,6.974109314522455,0.7012522815224198,0.2860087056706054
2.1,18,9.651227726080332,6.959104156935127,0.7013821431178701,0.2883618059428305
2.1,19,9.636188412211796,6.944669646303381,0.7026038055126247,0.2905779408596635
2.1,20,9.612558119950966,6.928865152371412,0.7093488222549592,0.2940530277602895
2.1,21,9.60388735776299,6.924053340548324,0.7131545825495167,0.2953260161879649
2.1,22,9.598138847619037,6.919174114026229,0.7043603631265527,0.2961693441156371
2.1,23,9.592246102052478,6.915676344116425,0.6999940474388461,0.2970333078220371
2.1,24,9.592622785028338,6.911573852958285,0.7012588689884669,0.2969780963977424
2.1,25,9.585837730847432,6.909826633991013,0.7070266787061915,0.297972267614553
2.1,26,9.58274615968524,6.910103912655787,0.7153238326402297,0.2984250227656001
2.1,27,9.57789020721712,6.9033615444104965,0.7057938625089021,0.2991358736015389
2.1,28,9.574718108628398,6.905011512613842,0.7063476110954195,0.2996000346862868
2.1,29,9.562496601848204,6.8967341899694805,0.7026458194850873,0.3013869238086283
2.1,30,9.56346023540056,6.898549545472267,0.70471271314183,0.3012461152000339
2.1,31,9.5608016963407,6.898215782992659,0.6996621816011261,0.3016345533270043
2.1,32,9.55658330977966,6.8967891536578545,0.6965896047283584,0.3022506785435975
2.1,33,9.551812720806762,6.8941256301029945,0.6995185725079519,0.3029471292066806
2.1,34,9.548095452212404,6.892826444541748,0.6956982808157576,0.3034895662553896
2.1,35,9.542505497744154,6.892820375215978,0.6955269483039027,0.3043048747978608
2.1,36,9.536376828864014,6.892315842431959,0.6946998238616447,0.3051982074535686
2.1,37,9.53819038985944,6.893007773079163,0.6988487566684228,0.3049339173005442
2.1,38,9.532612856977732,6.890788328693242,0.6981749622164949,0.3057465704960501
2.1,39,9.531293030348523,6.890984177045924,0.6993946164330761,0.3059388012611532
2.1,40,9.530482645995136,6.8891424132930545,0.7012590783898072,0.3060568193354996
2.2,2,11.144689230454729,7.865000674674326,0.9162919716556688,0.0510790216580018
2.2,3,10.76987592124601,7.607110140508089,1.0018464907480642,0.1138331040802356
2.2,4,10.539725867893042,7.47723271066161,0.9266165187724552,0.1513028317486227
2.2,5,10.32264256900624,7.373873054640337,0.8591547707419415,0.1859034728845513
2.2,6,10.187532729698614,7.275925384477375,0.8420745920787075,0.2070749165024802
2.2,7,10.108697730776065,7.251921548975249,0.852151904645384,0.2192993452685648
2.2,8,10.043994040239376,7.2138470466793105,0.8413441438287318,0.2292615677767708
2.2,9,9.986114464419172,7.168874437999768,0.8058969107625554,0.2381188965229639
2.2,10,9.954806351366116,7.163658661530865,0.7931484755496556,0.2428886532027406
2.2,11,9.91951186334247,7.130088131594909,0.7922438871921413,0.2482477703208316
2.2,12,9.87072172760668,7.094891778369214,0.7725026973235818,0.2556247242171996
2.2,13,9.829528954311549,7.063194756782406,0.7558592163442956,0.2618246559396924
2.2,14,9.794148353613116,7.044549790845714,0.7376566834783267,0.2671290981027279
2.2,15,9.768577068615592,7.027680560497747,0.7238498652971296,0.2709509691930009
2.2,16,9.7510400776295,7.01924146369358,0.7231693094049131,0.2735662630672688
2.2,17,9.733316194040423,7.018529581166361,0.714424946267281,0.2762046535610676
2.2,18,9.717537160778836,7.005342587695203,0.7143933511715518,0.2785494933440594
2.2,19,9.7025412147938,6.992119051469962,0.7152355694439944,0.280774436748137
2.2,20,9.680064572049258,6.976736225077692,0.7213764468743581,0.2841028537230785
2.2,21,9.671243325701967,6.97163054599114,0.7251429773838072,0.285407024294692
2.2,22,9.66515378318404,6.967292669189874,0.7166317997467951,0.2863066344435009
2.2,23,9.65901825922106,6.964951086035481,0.7123677307335249,0.2872124643906076
2.2,24,9.65914291614073,6.961081682766974,0.7134233098852546,0.2871940661498038
2.2,25,9.652643295912185,6.9578533350461305,0.718544780452056,0.2881530351078033
2.2,26,9.649493532127986,6.957982857545157,0.7261225991138598,0.2886175263154656
2.2,27,9.644699916725822,6.951485611562503,0.717312218580248,0.2893241430821778
2.2,28,9.641487441246165,6.9530964992502335,0.7177373259024772,0.2897974908412998
2.2,29,9.62991363033476,6.945711056828962,0.7141664629736194,0.2915015465762645
2.2,30,9.630356904865534,6.947722562335448,0.7162072379146704,0.291436319293906
2.2,31,9.627427669406227,6.947366640223781,0.7114189048755462,0.2918672969248399
2.2,32,9.62308901473462,6.945793332857457,0.708796757589042,0.2925054011166073
2.2,33,9.618288790666067,6.943079929076363,0.711314483900454,0.293211055103837
2.2,34,9.614415201697987,6.941894954764544,0.7075998393776093,0.2937802329727891
2.2,35,9.608850203336152,6.941790627346093,0.7073101620418374,0.2945975420558844
2.2,36,9.602907617340255,6.940985707598174,0.7064122552335882,0.2954697834658643
2.2,37,9.60437729175694,6.942033898881263,0.7100540391154616,0.295254117688406
2.2,38,9.598882536914449,6.940545397438294,0.7093299779886153,0.2960602705522519
2.2,39,9.597379772230465,6.940648066655595,0.7103991819045395,0.2962806655730374
2.2,40,9.596363326130955,6.9391386972105344,0.7120707033418502,0.2964297176917895
2.3000000000000003,2,11.177239808054471,7.882318786354932,0.9257828461612412,0.0455278514319361
2.3000000000000003,3,10.80972687875012,7.625655168614199,1.0065083359339848,0.1072629382695398
2.3000000000000003,4,10.583876827655857,7.5008234963531315,0.9340587820793168,0.1441775463927087
2.3000000000000003,5,10.373330957186573,7.40200630863186,0.8685816409242009,0.1778887508609142
2.3000000000000003,6,10.242511873208883,7.3069516559297485,0.8509892588609752,0.1984934520607693
2.3000000000000003,7,10.164570209805232,7.284144371068148,0.8611078179268984,0.2106453665276828
2.3000000000000003,8,10.102756844347075,7.246969545275087,0.849802431558464,0.2202167119076798
2.3000000000000003,9,10.046014537721389,7.2052594500233464,0.8164317402087367,0.2289514457894866
2.3000000000000003,10,10.01483303350997,7.199888331888594,0.8046125767045246,0.2337304835556366
2.3000000000000003,11,9.98052710672241,7.167856638414614,0.8032588594744471,0.2389712222933712
2.3000000000000003,12,9.933473195283575,7.134593878340529,0.7842131500282263,0.2461301563614303
2.3000000000000003,13,9.89396377615779,7.102944939406289,0.7682149380688,0.25211511764351
2.3000000000000003,14,9.860039503730295,7.0847548308930755,0.7510740963991417,0.2572349976925613
2.3000000000000003,15,9.835007999728765,7.070102338505804,0.7376800896917968,0.2610014988037902
2.3000000000000003,16,9.817774558983652,7.062702020742647,0.7369675152430161,0.2635890572423665
2.3000000000000003,17,9.800511640309477,7.062415809268215,0.7284819779260745,0.2661764920310155
2.3000000000000003,18,9.78497915385896,7.050180229589949,0.7283107912716307,0.2685006709893431
2.3000000000000003,19,9.770154157602024,7.037923411808366,0.7288225887728677,0.270715547390671
2.3000000000000003,20,9.748877874738485,7.023207603683207,0.7344175487033849,0.2738883872652724
2.3000000000000003,21,9.740014009067162,7.018427417812674,0.738114724249702,0.2752081760537942
2.3000000000000003,22,9.733704534574889,7.01461269670941,0.7299204431476335,0.2761468963335552
2.3000000000000003,23,9.72738995550771,7.0129440952166044,0.7257939105257624,0.2770857670411359
2.3000000000000003,24,9.727279660239647,7.009374008045238,0.7266488694043979,0.2771021606610974
2.3000000000000003,25,9.721081571006764,7.006294799994822,0.7311887365918848,0.2780231083437313
2.3000000000000003,26,9.71791737773158,7.005599776565125,0.7381011005943584,0.2784930360184922
2.3000000000000003,27,9.713234688936316,6.999870469131619,0.7299669341078335,0.27918820113218
2.3000000000000003,28,9.710036668530272,7.001332977180699,0.7302942785392388,0.279662768345704
2.3000000000000003,29,9.69911442761379,6.993719457253831,0.7268636760758479,0.2812823856761667
2.3000000000000003,30,9.699107070578604,6.995033764900414,0.7288532362312861,0.2812834760084463
2.3000000000000003,31,9.695975691238914,6.994852495754864,0.7243115593853511,0.2817474797061894
2.3000000000000003,32,9.69158246290955,6.993179783376206,0.7220790179273422,0.2823982099795794
2.3000000000000003,33,9.68680439757864,6.990721325604378,0.7242428133609418,0.2831056079799783
2.3000000000000003,34,9.682860136520794,6.990022513588556,0.7206593351340912,0.283689297470107
2.3000000000000003,35,9.677364948484124,6.990195568012694,0.7202739897903172,0.284502103810328
2.3000000000000003,36,9.671656629479571,6.989383037857614,0.7193324721341906,0.2853459462559803
2.3000000000000003,37,9.672832163787492,6.990346451665019,0.7225326058427651,0.2851722115080787
2.3000000000000003,38,9.66746494993681,6.988751313351699,0.7217754230913742,0.2859652717237515
2.3000000000000003,39,9.665829172757167,6.989055753655582,0.7227161829225865,0.2862068868533736
2.3000000000000003,40,9.664664950375291,6.987772124029664,0.7242119780568267,0.2863788253093178
2.4000000000000004,2,11.208960442813192,7.898994464015387,0.935215995712571,0.0401026436473039
2.4000000000000004,3,10.848734123767368,7.643135928759253,1.0114720491904283,0.1008083730370531
2.4000000000000004,4,10.627370758738127,7.523455168629779,0.9418127016969224,0.1371291714627058
2.4000000000000004,5,10.423446963985077,7.428381657317797,0.878399475011214,0.1699259356706124
2.4000000000000004,6,10.297001131936431,7.3372747898176,0.8605100456246337,0.1899428801346444
2.4000000000000004,7,10.220318992197516,7.314547465289608,0.870725250081693,0.2019630050272339
2.4000000000000004,8,10.161342069048576,7.280355172439929,0.8590090166010401,0.2111466652901854
2.4000000000000004,9,10.105909012821154,7.241167462042835,0.8276124026663662,0.2197300344991885
2.4000000000000004,10,10.075046711520466,7.234128396981806,0.8166947262145012,0.2244884696937773
2.4000000000000004,11,10.041783350693182,7.2039738112333405,0.8149283376723867,0.2296008104878727
2.4000000000000004,12,9.996546720486943,7.172424547855213,0.7965870610419754,0.236526226939877
2.4000000000000004,13,9.958747101721304,7.14262218687983,0.7812385959301199,0.2422891081687305
2.4000000000000004,14,9.926305513778736,7.125479053248847,0.7651040689991402,0.2472177013382505
2.4000000000000004,15,9.901894970320654,7.111600954655135,0.752156133683165,0.250915598866432
2.4000000000000004,16,9.885068800894016,7.104633309290305,0.7514136835669771,0.253459255810174
2.4000000000000004,17,9.868342850750029,7.104587700417889,0.7432111171815083,0.2559834748300705
2.4000000000000004,18,9.853130279071944,7.092990910755338,0.7429218958634299,0.2582755882944203
2.4000000000000004,19,9.838586177014776,7.081596340022179,0.7431486430705077,0.260463675413955
2.4000000000000004,20,9.818536778151,7.067695176108004,0.7482495626129907,0.2634747078404278
2.4000000000000004,21,9.809723754169148,7.063403846680063,0.751852897385588,0.2647963104525809
2.4000000000000004,22,9.80329982668429,7.0598360208239885,0.7440010251146448,0.2657588959249995
2.4000000000000004,23,9.79686784762576,7.0587414684899334,0.7400395859315642,0.2667220561310487
2.4000000000000004,24,9.796543827867003,7.055231020840002,0.7407051688983478,0.2667705599216593
2.4000000000000004,25,9.790657123170766,7.052645635678306,0.7447210610625231,0.2676514845495144
2.4000000000000004,26,9.787515644932643,7.05206290472949,0.7510209881399795,0.2681213790203431
2.4000000000000004,27,9.782981782456591,7.046956456011706,0.7435203446959925,0.2687992769844418
2.4000000000000004,28,9.77983962306698,7.048295920258153,0.7437756051441922,0.2692689048132509
2.4000000000000004,29,9.769566112739268,7.041487852272624,0.7404907293696467,0.2708033329185313
2.4000000000000004,30,9.769174574689169,7.041733232557467,0.7424100951483366,0.2708617802470351
2.4000000000000004,31,9.765904702084214,7.041264645739912,0.7381031682642537,0.2713498030706374
2.4000000000000004,32,9.761514924295122,7.039700550998305,0.736206321206638,0.2720047129144892
2.4000000000000004,33,9.756804900548511,7.03738618387217,0.7380666405245826,0.272707072719041
2.4000000000000004,34,9.75285998342489,7.03698892731756,0.7346342461420726,0.2732950787980569
2.4000000000000004,35,9.747474895433784,7.037115358534158,0.734173530685195,0.2740973643959198
2.4000000000000004,36,9.742034414094457,7.0361959877535645,0.7332115498406764,0.2749074526824564
2.4000000000000004,37,9.742961278769108,7.037474960389819,0.7360271733987902,0.2747694743896943
2.4000000000000004,38,9.73775841946611,7.035751529470543,0.7352526732082022,0.2755438313418537
2.4000000000000004,39,9.736033376703894,7.036002140292988,0.7360855348662699,0.2758004832575759
2.4000000000000004,40,9.734770913810356,7.03501537457823,0.7374226667133391,0.2759882837108847
2.5,2,11.23983127130809,7.9150101980888765,0.9445396272484724,0.0348080165495012
2.5,3,10.886851780727447,7.659571419661212,1.016657721380765,0.0944785485019384
2.5,4,10.670128867903436,7.545929710166,0.949782593874212,0.1301718634049489
2.5,5,10.472871377375942,7.453157844777654,0.8884895386999527,0.1620354193610181
2.5,6,10.350846460257538,7.365885374753637,0.8704842953346881,0.1814487885782741
2.5,7,10.275731927764935,7.343470334785913,0.8808425472373765,0.1932858876564491
2.5,8,10.219529038310016,7.312351151487296,0.8687947340886898,0.2020863647900664
2.5,9,10.165553148128634,7.275247488492758,0.8392705479231811,0.2104926941728184
2.5,10,10.135180628044218,7.26681579780275,0.8292240807004312,0.2152034076144473
2.5,11,10.103003575383438,7.2382392821848835,0.8270797621210814,0.2201786234747611
2.5,12,10.059640013581246,7.20894194290498,0.8094448602287146,0.22685847090162
2.5,13,10.02356151001534,7.180528987988261,0.7947439261203555,0.2323942096332599
2.5,14,9.992616135720644,7.164227730573162,0.7795626942468754,0.237126495912302
2.5,15,9.96889676657426,7.150801900621494,0.7670867986357508,0.2407438474041794
2.5,16,9.952562813248797,7.144133321535313,0.7663170876565104,0.2432298786763439
2.5,17,9.936433187376656,7.144344896375633,0.7584158548794384,0.2456808107603846
2.5,18,9.921604828008984,7.133866453134245,0.7580292038844068,0.2479305053455071
2.5,19,9.907434273386183,7.123093671728495,0.7580122479035027,0.2500772611221818
2.5,20,9.888620212913212,7.110066278049277,0.7626652065406024,0.2529227395578017
2.5,21,9.879937357976896,7.1059727722364725,0.766155213022503,0.2542341288998648
2.5,22,9.873489269991763,7.102588838235776,0.7586635504255572,0.2552072514151233
2.5,23,9.866998364979017,7.101964330239731,0.7548877048957212,0.2561861940715259
2.5,24,9.866484581646228,7.09850064860104,0.7553769118011077,0.2562636541404071
2.5,25,9.8609139439903,7.0964152708870225,0.758920463418214,0.2571032472219478
2.5,26,9.857826131983376,7.096131590946731,0.7646589792231555,0.2575684305447647
2.5,27,9.85346974331061,7.091840121967873,0.7577500504984919,0.2582244790036756
2.5,28,9.85041411974075,7.093064447499038,0.7579543168632672,0.2586844662737561
2.5,29,9.8407806446087,7.087053922903905,0.7548176056557422,0.2601337358352645
2.5,30,9.840067585212363,7.086655305758393,0.7566528667212906,0.2602409528329866
2.5,31,9.836716903853306,7.0861686156688855,0.7525712351789658,0.2607446637704396
2.5,32,9.832380655899303,7.084544794865851,0.7509626817798344,0.2613962811588758
2.5,33,9.827778051734128,7.082067430370412,0.7525635577527051,0.2620876101476627
2.5,34,9.823888647335538,7.081917852008823,0.7492968530938181,0.262671561425706
2.5,35,9.81864873731598,7.0820145724752575,0.7487787337716123,0.2634579107903776
2.5,36,9.813497818483304,7.081097393504891,0.747815378425928,0.2642304964031983
2.5,37,9.814217128479282,7.082481179032624,0.7502961169196364,0.2641226315491333
2.5,38,9.809208185047025,7.080648603990013,0.7495183382605329,0.2648735885430735
2.5,39,9.807431896516515,7.080517389470403,0.7502619303945611,0.2651398033810535
2.5,40,9.806112595770909,7.079889597169173,0.7514568056131247,0.2653374976208141
2.6,2,11.269839706638203,7.930357342261949,0.9537107465295962,0.0296473402264719
2.6,3,10.924044471638524,7.674991254364755,1.0219950649345484,0.0882809243491624
2.6,4,10.712085346121333,7.567420058165167,0.9578836246726916,0.1233178361741184
2.6,5,10.521501681062167,7.478217083756207,0.8987458433202785,0.1542352503246259
2.6,6,10.403916063989888,7.393547492983756,0.8807757592065886,0.173033718521352
2.6,7,10.330623634578505,7.370797025428724,0.8913142275431377,0.184644130720234
2.6,8,10.277125261264834,7.342569597586115,0.8790062562925118,0.1930671007104492
2.6,9,10.224730881132588,7.3075491399865875,0.8512542073733409,0.2012738659645857
2.6,10,10.194996248232744,7.299933357401694,0.8420464480234486,0.2059126765333442
2.6,11,10.163939300530636,7.272726757550477,0.8395571867743304,0.2107433531012976
2.6,12,10.122482094226456,7.243352049120778,0.8226245394550123,0.2171687446514889
2.6,13,10.088122158461475,7.216679219283492,0.8085632448039956,0.2224742378727734
2.6,14,10.058674766751816,7.2008210358918525,0.7942842903487152,0.2270068333888126
2.6,15,10.0357058114201,7.187972018782179,0.7822995083510575,0.2305330581365337
2.6,16,10.019931986793948,7.18127352582233,0.781505343163963,0.2329500078146358
2.6,17,10.00444324755736,7.182050671851766,0.7739185348153209,0.2353195757565974
2.6,18,9.990054414997209,7.172631146451889,0.7734536821798427,0.2375175883627124
2.6,19,9.976333533789042,7.162264544862231,0.7732302270732511,0.2396106192248779
2.6,20,9.958747538128788,7.14998214308183,0.7774761388570375,0.2422890417606357
2.6,21,9.950260681218971,7.146757286705363,0.7808377088339048,0.2435799358978675
2.6,22,9.943864399933956,7.142980535348409,0.7737171280060837,0.2445521155364024
2.6,23,9.937369062942166,7.142662455663587,0.7701410909766259,0.2455387110491831
2.6,24,9.936690987480477,7.139417467266391,0.770467944199243,0.2456416687293751
2.6,25,9.931436936178676,7.138402945141112,0.7735856825288784,0.2464391957005772
2.6,26,9.928428127680863,7.138110993311832,0.7788110708273657,0.2468957211187509
2.6,27,9.924270012093364,7.134421664706875,0.7724531488736956,0.2475264028040315
2.6,28,9.921323110781566,7.135395221213592,0.7726234920660728,0.2479732137437083
2.6,29,9.912316050072109,7.130044195583699,0.7696350367629452,0.2493380470756151
2.6,30,9.91133991126498,7.129364638572245,0.7713764212700488,0.2494858862243922
2.6,31,9.90795955191138,7.129261559790947,0.767512170749429,0.2499977392718374
2.6,32,9.90371901182614,7.127792459389807,0.7661504880116591,0.2506395937396384
2.6,33,9.899256528692964,7.125355824677176,0.7675300456391917,0.2513147451220571
2.6,34,9.89546671954298,7.125142812567739,0.7644387898149081,0.2518878853562116
2.6,35,9.890401564452423,7.125243598292727,0.7638789549566919,0.2526535559778902
2.6,36,9.885552511087743,7.124168651243443,0.7629294432623333,0.2533861924435083
2.6,37,9.88610100885606,7.125163176373921,0.7651182461771502,0.2533033387299231
2.6,38,9.881308955817616,7.123333917903122,0.7643492157297711,0.2540270502871905
2.6,39,9.879514165282211,7.1232893010963325,0.7650199503991892,0.2542980151165421
2.6,40,9.878172096103178,7.122968615331603,0.766087964737588,0.2545005991017194
2.7,2,11.29897920265242,7.945041425324866,0.9626941344635472,0.0246229311616968
2.7,3,10.960285899508442,7.689917961852856,1.0274227683162018,0.0822214816217266
2.7,4,10.753185858382508,7.588444745662268,0.9660413829359128,0.1165775592895864
2.7,5,10.56925054165682,7.502306608701852,0.9090749987742016,0.1465413030676779
2.7,6,10.45609775264586,7.4210600410324545,0.891264339542892,0.1647174817898495
2.7,7,10.384833013082597,7.396635698622774,0.9020112572434708,0.1760646093161267
2.7,8,10.333963810506509,7.370956325904663,0.8895068483442019,0.184116791340914
2.7,9,10.283252603602628,7.337936988647389,0.8634285464998052,0.1921046081976627
2.7,10,10.254281753942676,7.331222616769565,0.8550251607085333,0.1966503384210403
2.7,11,10.224369198207423,7.305482093983781,0.8522222259171143,0.2013303721941376
2.7,12,10.184831823107729,7.276633808070726,0.8359826232321784,0.2074952994842064
2.7,13,10.152175527283983,7.251439131091434,0.8225484185215255,0.2125692717575421
2.7,14,10.124217236387588,7.236103499127447,0.8091225396572447,0.2169003440908624
2.7,15,10.102047182715603,7.224017691447288,0.7976416068612153,0.220326258807196
2.7,16,10.086886065897197,7.217336659210898,0.7968258379965121,0.2226647658851892
2.7,17,10.072069790463487,7.217786373366176,0.78956188375513,0.2249466900075443
2.7,18,10.058167002158411,7.209306200359724,0.7890364307419511,0.227084873222754
2.7,19,10.044956436875582,7.200224437419316,0.7886396092554445,0.2291138592838285
2.7,20,10.028577901989909,7.188737263968127,0.7925148788738015,0.2316257053324335
2.7,21,10.020340280135258,7.185724745879676,0.7957367143514797,0.2328874948583701
2.7,22,10.014058543711592,7.1819914687533135,0.7889920304034523,0.2338489967597216
2.7,23,10.007608704045005,7.181457352844518,0.7856245501635347,0.2348356016884518
2.7,24,10.0067922763183,7.178834325682494,0.7858035111057765,0.2349604418909324
2.7,25,10.001852031229973,7.1785997356923055,0.7885375578658844,0.2357156389351147
2.7,26,9.99894255926104,7.178202184379363,0.7932949229964757,0.2361602246965066
2.7,27,9.994996938159938,7.174629614967118,0.7874486194476524,0.2367629339699144
2.7,28,9.992174266798724,7.175175269125964,0.7875986287166924,0.2371939622565005
2.7,29,9.983775976442509,7.170691409205705,0.784756727861644,0.2384756801745997
2.7,30,9.982590622817048,7.170062365093441,0.7863978042266847,0.238656497939157
2.7,31,9.979224932278145,7.169991487006885,0.782743891373061,0.2391697944863942
2.7,32,9.97511465212481,7.16870149943234,0.7815930480790558,0.2397964125430921
2.7,33,9.970818462930922,7.166491948260251,0.7827840639022768,0.2404510967724326
2.7,34,9.967161900246971,7.16638549115036,0.7798737392319144,0.24100808794118
2.7,35,9.962295554114789,7.1664162267532365,0.7792856817066152,0.2417490442404742
2.7,36,9.957753284629838,7.1654841614725715,0.7783616983172766,0.2424403296935854
2.7,37,9.958163388559178,7.166255611906783,0.7802956406299755,0.2423779291527873
2.7,38,9.953605246865289,7.164605214635931,0.7795452769440849,0.2430713418365175
2.7,39,9.95181983643763,7.164515068628776,0.7801572092072848,0.2433428629749843
2.7,40,9.95048258497816,7.164284382879609,0.7811125286030465,0.243546197218492
2.8000000000000003,2,11.327248257341443,7.958942637197763,0.9714614066527818,0.0197362100155888
2.8000000000000003,3,10.99555764238234,7.703961333087374,1.0328878095149592,0.0763048957821527
2.8000000000000003,4,10.793386239255934,7.6082072743902,0.9741912976943732,0.1099599293552193
2.8000000000000003,5,10.616044441046588,7.526080420938404,0.9193957460312814,0.1389674325707374
2.8000000000000003,6,10.507296730720403,7.447206981069432,0.9018454217596736,0.1565174219434021
2.8000000000000003,7,10.438221064632897,7.422030362768783,0.9128207275891548,0.1675711889211095
2.8000000000000003,8,10.389901000891824,7.3975849138928735,0.9001763517629252,0.1752602221068503
2.8000000000000003,9,10.34095313815619,7.366581330638789,0.8756758144286363,0.1830127806060509
2.8000000000000003,10,10.312850557015514,7.36097012283282,0.868041085886515,0.1874472368906486
2.8000000000000003,11,10.284097714119664,7.336633458895418,0.8649540963001752,0.1919718118978283
2.8000000000000003,12,10.246476396301816,7.310054421801218,0.8493941811584533,0.197872860896069
2.8000000000000003,13,10.215498003409415,7.286562894382735,0.8365708287434135,0.2027157056041759
2.8000000000000003,14,10.18901040855866,7.27211252067176,0.8239505650648926,0.2068448757968481
2.8000000000000003,15,10.16767737701382,7.260751802997942,0.8129805258389414,0.2101627033842513
2.8000000000000003,16,10.153167836207572,7.252314947802804,0.8121459831179291,0.2124153318018404
2.8000000000000003,17,10.13904431594648,7.251950624437025,0.8052092976647552,0.2146049403204573
2.8000000000000003,18,10.125665559964428,7.244943515558919,0.8046391002148364,0.2166762748530002
2.8000000000000003,19,10.11301169101157,7.236469469119571,0.8040981773390604,0.2186328637275325
2.8000000000000003,20,10.097809014894922,7.225816270581409,0.8076353319089183,0.2209803232649565
2.8000000000000003,21,10.089862355830896,7.222955730968419,0.8107094332699628,0.2222059689194793
2.8000000000000003,22,10.08374587735001,7.219723730450975,0.8043403059112954,0.2231486811843377
2.8000000000000003,23,10.07738647483829,7.219001776741217,0.8011854866086047,0.224128228361202
2.8000000000000003,24,10.076457232584294,7.216414575918706,0.8012310132460145,0.2242713090289936
2.8000000000000003,25,10.071825409103772,7.216404895675568,0.8036196394812821,0.2249843002083972
2.8000000000000003,26,10.069031176673782,7.216109710056455,0.807950709633508,0.2254142666774186
2.8000000000000003,27,10.065306793162945,7.21294278944208,0.8025781603821458,0.2259871759772607
2.8000000000000003,28,10.06261860714079,7.213501818341115,0.8027184466195922,0.2264005588274117
2.8000000000000003,29,10.05480823763124,7.209333198628578,0.800020055564047,0.2276009924036557
2.8000000000000003,30,10.0534626686576,7.208736540471382,0.8015570654468003,0.2278077087472998
2.8000000000000003,31,10.050149240738236,7.208448560995306,0.7981068508218121,0.2283166243215687
2.8000000000000003,32,10.046196585855547,7.207640948217164,0.7971356197852613,0.2289235005337935
2.8000000000000003,33,10.042086705035532,7.205695203753696,0.7981660978075618,0.2295542634829585
2.8000000000000003,34,10.038588120920508,7.205708443477684,0.7954385280939723,0.2300910044520969
2.8000000000000003,35,10.033939282347584,7.205701840052084,0.7948336644141518,0.2308039242051403
2.8000000000000003,36,10.029702991894826,7.204901735122616,0.7939437824091584,0.2314532903273446
2.8000000000000003,37,10.030002909123825,7.205730600009062,0.7956548107520396,0.2314073260857272
2.8000000000000003,38,10.025690350725249,7.204193576162615,0.7949309513422099,0.2320681211499914
2.8000000000000003,39,10.023937708647368,7.2039387383518525,0.7954957809027544,0.2323365898606868
2.8000000000000003,40,10.022627197037917,7.203970489120953,0.7963512353373878,0.2325373026099042
2.9000000000000004,2,11.354649599811877,7.972139016878683,0.9799901559936268,0.0149878312563758
2.9000000000000004,3,11.02984811834778,7.717776271789815,1.038344751826534,0.0705346866494468
2.9000000000000004,4,10.83265135488964,7.626758479475343,0.9822779538553154,0.1034724206001415
2.9000000000000004,5,10.66182242639946,7.54934213016397,0.9296382669773192,0.1315256172931206
2.9000000000000004,6,10.557433729025416,7.47231874269845,0.912428929797098,0.1484486329543074
2.9000000000000004,7,10.49066894492827,7.446583616473845,0.9236451100041196,0.1591849301554228
2.9000000000000004,8,10.444814313519968,7.42351662371502,0.9109106107677511,0.1665192580103996
2.9000000000000004,9,10.397689873890656,7.394254185256412,0.8878947134685068,0.1740232129744673
2.9000000000000004,10,10.370539818206534,7.389408889858643,0.8809920078694402,0.1783311002001413
2.9000000000000004,11,10.342953676692275,7.366539772111669,0.8776490055889675,0.1826966448516002
2.9000000000000004,12,10.30722980374216,7.341682939565028,0.8627521489581759,0.1883327173835078
2.9000000000000004,13,10.277894342391196,7.319660803175671,0.8505206111127016,0.1929463237288976
2.9000000000000004,14,10.252850647180365,7.306138240468493,0.8386602368758919,0.1968745567398042
2.9000000000000004,15,10.232382895616745,7.295709517446969,0.8282031282535623,0.2000779125404721
2.9000000000000004,16,10.218551626149264,7.287454736919929,0.8273526024189353,0.2022389849729285
2.9000000000000004,17,10.205131429538971,7.286680337359803,0.8207442177588985,0.204333035050416
2.9000000000000004,18,10.192306508124068,7.28007094296814,0.8201433607649258,0.2063316284812585
2.9000000000000004,19,10.18024277897488,7.272014493525953,0.8194840171522093,0.2082093063077875
2.9000000000000004,20,10.166175551660253,7.261256791065722,0.8227122812617071,0.2103960133190782
2.9000000000000004,21,10.158551252144669,7.258409289806951,0.8256334900303943,0.2115799235898451
2.9000000000000004,22,10.152639953503158,7.255682817092812,0.8196353063044556,0.2124972257532513
2.9000000000000004,23,10.146410651142086,7.255024242212286,0.8166933988852114,0.2134632972309947
2.9000000000000004,24,10.14539302821559,7.252433780163823,0.8166196243423556,0.2136210589600014
2.9000000000000004,25,10.141062176715424,7.25241150357758,0.8186976911454961,0.2142922923954731
2.9000000000000004,26,10.138395173243504,7.252203215140435,0.822640796480112,0.2147055054497247
2.9000000000000004,27,10.134896225144226,7.249423779436492,0.8177058391023753,0.2152474512883366
2.9000000000000004,28,10.132348638318378,7.250020852170135,0.817844499270427,0.2156419247865927
2.9000000000000004,29,10.12510285044484,7.246323295731163,0.8152855947308183,0.2167633350994009
2.9000000000000004,30,10.123641001524028,7.2457645842696685,0.8167169054742204,0.2169894841144469
2.9000000000000004,31,10.120410899490173,7.245514835043449,0.8134638476013007,0.2174890672918795
2.9000000000000004,32,10.116636602611306,7.244756158801389,0.8126452464254509,0.2180726162951435
2.9000000000000004,33,10.112727399377292,7.242974865099338,0.8135389876408915,0.2186767938691447
2.9000000000000004,34,10.109403969346191,7.242944004855718,0.8109929607134662,0.2191902550199409
2.9000000000000004,35,10.104986281400285,7.24282681289806,0.8103807842731752,0.2198725148527601
2.9000000000000004,36,10.101050772225124,7.242122731058018,0.8095309216865101,0.2204800566993411
2.9000000000000004,37,10.101264674760746,7.24289169079392,0.8110465376540404,0.2204470417068068
2.9000000000000004,38,10.097204605906883,7.241453075655167,0.8103550592181352,0.2210735776337838
2.9000000000000004,39,10.095503957429155,7.241182330114037,0.8108822460058205,0.2213359410362861
2.9000000000000004,40,10.094237195487157,7.241422416354508,0.8116493103774589,0.2215313389312542
3.0,2,11.381189518952166,7.984756596649883,0.9882631762051516,0.0103777911317018
3.0,3,11.063151690195244,7.730738572328917,1.0437550413538632,0.0649133495994191
3.0,4,10.870954101263417,7.644162605996432,0.9902543504074548,0.0971212186362493
3.0,5,10.70653495770715,7.571278435690718,0.9397433526606987,0.1242260936694193
3.0,6,10.606443397849162,7.497752717987015,0.9229382133460432,0.1405241466011094
3.0,7,10.542076198484414,7.470387702924414,0.9344012359436492,0.1509242751616979
3.0,8,10.49860051648433,7.450147549588789,0.9216205238420464,0.1579130368181871
3.0,9,10.453341026649085,7.420322193783359,0.8999993796729576,0.1651578643385877
3.0,10,10.427208965112596,7.416110327156734,0.8937915882677193,0.1693266515562678
3.0,11,10.400788883093757,7.394631048059821,0.890219104088811,0.1735307783753243
3.0,12,10.366931252835094,7.371402612758648,0.8759661897645546,0.1789028216586687
3.0,13,10.339196038874292,7.350762696348125,0.8643054146148189,0.1832903963494691
3.0,14,10.315562178544203,7.338214314442117,0.8531609669983125,0.1870198816755641
3.0,15,10.295978702206808,7.328602476398472,0.8432144997328802,0.1901037396611223
3.0,16,10.28284168098058,7.320880611634249,0.8423507445611836,0.1921691745119342
3.0,17,10.270127073834942,7.320297470464013,0.8360688961937288,0.194165685158818
3.0,18,10.257878020822975,7.314195911647962,0.8354497300755547,0.1960867560151882
3.0,19,10.24642631314278,7.306711298013985,0.8346943843997336,0.1978807022185575
3.0,20,10.233447319915522,7.296792488996706,0.8376401806423214,0.1999114799895957
3.0,21,10.226167656862383,7.293038881576431,0.8404057707016005,0.201049376739983
3.0,22,10.220491887693916,7.290357914993463,0.8347704735440795,0.2019360042712761
3.0,23,10.21442691576338,7.2890709254077874,0.832038610257402,0.2028828862133255
3.0,24,10.213343706547596,7.286628139609434,0.8318591190219322,0.2030519409881026
3.0,25,10.209304728095326,7.286563946240851,0.8336584311147959,0.2036821400031335
3.0,26,10.206773490302009,7.286337390960012,0.8372486010965196,0.2040769602263417
3.0,27,10.203500420572135,7.283882319184664,0.8327169165556607,0.2045873455920149
3.0,28,10.201096270558224,7.284562721942669,0.8328599544930679,0.2049621318865587
3.0,29,10.1943898538434,7.28124901186508,0.8304358289037727,0.206007137730831
3.0,30,10.192850503531696,7.280717206984442,0.831761488895891,0.2062469050732802
3.0,31,10.189728624586026,7.280526418980728,0.8286989612623183,0.2067330539855253
3.0,32,10.186147418141486,7.279872282807867,0.8280097371892753,0.2072905474363214
3.0,33,10.182448213528351,7.278272443575567,0.8287868849859363,0.2078662041353228
3.0,34,10.179310777346748,7.278324295822459,0.8264187476351199,0.2083542766099694
3.0,35,10.175133219813794,7.278182241796022,0.8258070077084476,0.2090039211696784
3.0,36,10.17148996016594,7.277595347699324,0.825000881904646,0.2095702603243328
3.0,37,10.17163822145712,7.278332794306722,0.8263447592571888,0.2095472172916322
3.0,38,10.167833352005267,7.276932181171494,0.8256897620404623,0.210138470551926
3.0,39,10.166200071758665,7.276785722431216,0.8261867233637632,0.2103922043762344
3.0,40,10.16498983292429,7.277055690708675,0.826875560813344,0.2105801914570986
