experiment,role,Country,N,RMSE,MAE,Bias,R,R2corr,R2true
matched_2015_to_2024,temporal_gap,AD,1,0.03911248779296983,0.03911248779296983,0.03911248779296983,,,
matched_2015_to_2024,temporal_gap,AT,80,3.3555971360045787,2.557236461997032,-1.3654271130800246,0.7584705949049114,0.5752776433354102,0.4776671837983175
matched_2015_to_2024,temporal_gap,BE,29,2.4633884194277607,2.007026805417291,1.7094057559967042,0.9528782643528293,0.9079769866760604,0.7980270694801619
matched_2015_to_2024,temporal_gap,BG,10,8.885460286544426,7.803589192962647,-0.035153896331787136,0.31367992954830937,0.09839509820143233,-0.7648518866022285
matched_2015_to_2024,temporal_gap,CH,16,1.9260799988452437,1.423728790521622,-0.49135137391090405,0.9272373462368906,0.8597690962564313,0.8493725616446395
matched_2015_to_2024,temporal_gap,CY,1,0.9372277755737306,0.9372277755737306,-0.9372277755737306,,,
matched_2015_to_2024,temporal_gap,CZ,36,2.9783271895503085,2.0350249102910363,1.0829532605277168,0.8405343756516082,0.7064980366520387,0.5895394240222089
matched_2015_to_2024,temporal_gap,DE,220,1.5130745894322735,1.1044284264824606,0.4890098239725286,0.955346196977003,0.9126863560784225,0.8980492875309001
matched_2015_to_2024,temporal_gap,DK,1,1.4388777313232426,1.4388777313232426,1.4388777313232426,,,
matched_2015_to_2024,temporal_gap,EE,5,0.8088348122083062,0.6089267568588256,0.2722441900253295,0.9653107302023549,0.9318248058438037,0.9212737399641957
matched_2015_to_2024,temporal_gap,ES,124,9.459313947029136,6.635825513532085,5.967698230374244,0.8968559111146108,0.8043505253012188,-0.7474901386506725
matched_2015_to_2024,temporal_gap,FI,2,0.20749250691139445,0.20437330365180967,0.20437330365180967,1.0,1.0,-10.570314545653073
matched_2015_to_2024,temporal_gap,FR,136,3.3438608284468363,2.4092935399939033,1.4315402707422482,0.8623234420657621,0.7436017187361437,0.520340922482795
matched_2015_to_2024,temporal_gap,GR,3,5.849112794618682,5.368624500274659,-5.368624500274659,0.9613045556632457,0.9241064487389102,0.21066781111873445
matched_2015_to_2024,temporal_gap,HR,1,2.5617013549804675,2.5617013549804675,-2.5617013549804675,,,
matched_2015_to_2024,temporal_gap,HU,3,1.7512117775663611,1.1597048924764006,-1.1067403895060224,0.9996561982484917,0.9993125146966277,-0.20250712201973808
matched_2015_to_2024,temporal_gap,IE,4,3.3306085355384534,3.2382454771995546,-3.2382454771995546,0.9721790349509468,0.9451320759981543,-0.04087304422855631
matched_2015_to_2024,temporal_gap,IT,194,5.704329463778251,4.108359492621471,2.9740594463594183,0.8468739888576887,0.7171955530037327,0.21239281123999199
matched_2015_to_2024,temporal_gap,LT,4,2.4324148645553576,1.8790764329433443,-1.376856247186661,0.9700731252807349,0.9410418683919323,0.8229848556339552
matched_2015_to_2024,temporal_gap,LU,5,5.327501644179754,3.7747118625640868,-3.7747118625640868,0.8818994850200694,0.7777467016786637,-0.26922229258106145
matched_2015_to_2024,temporal_gap,LV,1,0.44346988487243655,0.44346988487243655,0.44346988487243655,,,
matched_2015_to_2024,temporal_gap,NL,42,3.065958079681154,2.617438315436954,2.533077453431629,0.9445088594158886,0.8920969855151027,0.5452750697136142
matched_2015_to_2024,temporal_gap,NO,4,0.8600090454552073,0.7333071398735045,0.2916937508583068,0.9857546620366496,0.9717122537269893,0.939551076719268
matched_2015_to_2024,temporal_gap,PL,62,5.354891255374485,3.799876546582868,3.305918194340122,0.8943021951150543,0.7997764161876046,-0.1718046988526456
matched_2015_to_2024,temporal_gap,PT,14,4.939178529788355,3.6982900096348357,3.5499573386056085,0.8822571793871249,0.7783777305801255,0.1307462651969925
matched_2015_to_2024,temporal_gap,SE,9,2.5729526835766996,1.9532222339842056,1.9529010657204522,0.9877101626376152,0.9755713653776243,0.5087456532372103
matched_2015_to_2024,temporal_gap,TR,24,14.250087594122476,10.643441633701325,-4.467982521216075,0.662841908487853,0.43935939564781923,0.3539258715502579
matched_2022_to_2024,temporal_gap,AD,1,1.5646911468505849,1.5646911468505849,-1.5646911468505849,,,
matched_2022_to_2024,temporal_gap,AT,80,2.858906771019443,2.127458102631569,-0.48332656075954433,0.7962312033804698,0.6339841292367111,0.620852961439414
matched_2022_to_2024,temporal_gap,BE,29,2.7259471268609565,2.278939219244595,2.1111172117035966,0.9767540330274982,0.954048441035483,0.7526782949912889
matched_2022_to_2024,temporal_gap,BG,10,6.393482861485086,4.963620289611816,1.400997703552246,0.5893284642227918,0.34730803874319444,0.08625836551505639
matched_2022_to_2024,temporal_gap,CH,16,1.873692984820439,1.6324213753938672,1.5251904498338698,0.9811741154124027,0.962702644755311,0.8574548947077962
matched_2022_to_2024,temporal_gap,CY,1,0.7831730346679686,0.7831730346679686,0.7831730346679686,,,
matched_2022_to_2024,temporal_gap,CZ,36,2.6922326440129054,1.7289886078834535,0.2911982266638016,0.8450148539830326,0.7140501034519658,0.6646086871678639
matched_2022_to_2024,temporal_gap,DE,220,1.3976736473320504,1.1257205928975886,0.9741370215849443,0.9801331351383529,0.9606609625961366,0.9130076339533382
matched_2022_to_2024,temporal_gap,DK,1,1.615810066223145,1.615810066223145,1.615810066223145,,,
matched_2022_to_2024,temporal_gap,EE,5,0.4014074178612283,0.2905504796981811,0.09621441249847403,0.9923767948193942,0.984811702896014,0.9806103156994304
matched_2022_to_2024,temporal_gap,ES,124,2.392002439073971,1.6164587534281514,1.0605174274175395,0.9683840891534616,0.9377677441255795,0.8882574209527814
matched_2022_to_2024,temporal_gap,FI,2,0.14671417215645052,0.14575925827026365,0.14575925827026365,1.0,1.0,-4.784748269699707
matched_2022_to_2024,temporal_gap,FR,136,3.267187584091708,2.156908470714793,1.2404786872302784,0.8512954060700642,0.7247038683959954,0.54208547417234
matched_2022_to_2024,temporal_gap,GR,3,2.5636435657308256,2.4816535034179683,-2.4816535034179683,0.9969413818056956,0.9938921187566497,0.8483665182080167
matched_2022_to_2024,temporal_gap,HR,1,2.0430464172363294,2.0430464172363294,2.0430464172363294,,,
matched_2022_to_2024,temporal_gap,HU,3,1.0384483417287316,1.0093074696858721,1.0093074696858721,0.9887100017552884,0.9775474675709425,0.5771560581176296
matched_2022_to_2024,temporal_gap,IE,4,2.5309056237623717,1.747860739707947,1.747860739707947,0.9402976744873299,0.8841597166462807,0.3989612371722051
matched_2022_to_2024,temporal_gap,IT,194,2.7856689146427804,1.9255049354808846,1.1665590010082598,0.9364957195032756,0.8770242326479578,0.8121723758020851
matched_2022_to_2024,temporal_gap,LT,4,2.4342354147749052,1.6415858609080316,-1.587067442238331,0.9678670155534724,0.9367665597963857,0.8227197811478071
matched_2022_to_2024,temporal_gap,LU,5,4.143562742170543,2.615102423477173,-2.355413690567017,0.7407987502019431,0.5487827883007609,0.23221725914309432
matched_2022_to_2024,temporal_gap,LV,1,0.7075988082885742,0.7075988082885742,0.7075988082885742,,,
matched_2022_to_2024,temporal_gap,NL,42,2.2780872780338113,2.0092702485947385,1.6979354086376373,0.9464184625640872,0.8957079062821706,0.7489518314322063
matched_2022_to_2024,temporal_gap,NO,4,0.5971392591416939,0.4831513845920565,-0.031886663198471166,0.9953804442115283,0.9907822287187393,0.9708570318744506
matched_2022_to_2024,temporal_gap,PL,62,2.301481938413656,1.539788172906445,0.9121995594578405,0.9469965459770566,0.8968024580924755,0.7835442806641991
matched_2022_to_2024,temporal_gap,PT,14,2.6403911705940977,1.8268411359786987,1.3355245711462835,0.9294308472588684,0.863841699836338,0.7515873771308741
matched_2022_to_2024,temporal_gap,SE,9,0.6655377917798609,0.5450889424482982,0.5428366565439435,0.9960609124684486,0.9921373413474784,0.9671308669235986
matched_2022_to_2024,temporal_gap,TR,24,8.783488552809205,5.679178581873575,-3.6841853564580282,0.8944518015165908,0.8000440252362747,0.7545396428387207
matched_2023_to_2024,temporal_gap,AD,1,2.2964530792236317,2.2964530792236317,-2.2964530792236317,,,
matched_2023_to_2024,temporal_gap,AT,80,1.5851974277736516,1.100158259510994,0.30377411792278297,0.9448316638652571,0.8927068730423902,0.8834333274322999
matched_2023_to_2024,temporal_gap,BE,29,1.4914664573772873,1.1925822678270013,1.1601867231829415,0.9897599443570262,0.9796247474536236,0.9259620547643697
matched_2023_to_2024,temporal_gap,BG,10,6.57707639230328,4.972277174949645,-1.2329889364242554,0.6300819003855236,0.39700320119343285,0.033027383348313344
matched_2023_to_2024,temporal_gap,CH,16,1.9016280984306495,1.549616444468498,1.5345186661481856,0.979004169769001,0.9584491644250909,0.8531727653476435
matched_2023_to_2024,temporal_gap,CY,1,0.039166023254394666,0.039166023254394666,-0.039166023254394666,,,
matched_2023_to_2024,temporal_gap,CZ,36,2.10038091078156,1.3207306223445472,0.3784163125885859,0.897724393653563,0.8059090869606574,0.7958625136056071
matched_2023_to_2024,temporal_gap,DE,220,1.3193367064258632,0.9683560120669278,0.8644515702507712,0.9859041238854704,0.972006941494377,0.9224858693646569
matched_2023_to_2024,temporal_gap,DK,1,1.2094551620483402,1.2094551620483402,1.2094551620483402,,,
matched_2023_to_2024,temporal_gap,EE,5,0.35257541582758367,0.292373595046997,-0.03234338874816904,0.9938412034604083,0.9877203376956326,0.9850409503390277
matched_2023_to_2024,temporal_gap,ES,124,2.50261105069398,1.6036687236216762,1.178000457340671,0.9665770584422388,0.9342712099068512,0.8776843097903761
matched_2023_to_2024,temporal_gap,FI,2,0.11557502820421865,0.1136982476711273,0.1136982476711273,0.9999999999999999,0.9999999999999998,-2.5897842366046597
matched_2023_to_2024,temporal_gap,FR,136,2.293711483492115,1.867574462687268,1.8045877452948513,0.9703589524118755,0.9415964965258725,0.7743091989155312
matched_2023_to_2024,temporal_gap,GR,3,1.099427379264819,1.004503285725912,0.017114349365234816,0.9952940451643211,0.9906102363395576,0.9721122859293925
matched_2023_to_2024,temporal_gap,HR,1,0.057336273193360654,0.057336273193360654,0.057336273193360654,,,
matched_2023_to_2024,temporal_gap,HU,3,1.0898641400115576,1.0599046783447268,0.32272108968098934,0.8477041692479478,0.7186023585603533,0.5342476607830592
matched_2023_to_2024,temporal_gap,IE,4,1.8054705369078847,1.260354946136475,1.260354946136475,0.9874168637663793,0.9749920628502324,0.6941338676223499
matched_2023_to_2024,temporal_gap,IT,194,2.1626522609560013,1.594983452501985,0.9165328954028098,0.9617989697246337,0.9250572581633669,0.8867928501409578
matched_2023_to_2024,temporal_gap,LT,4,1.591329218858068,1.1014069176316261,-0.3328128775954248,0.9634663336379804,0.9282673760538122,0.9242373424296331
matched_2023_to_2024,temporal_gap,LU,5,3.8383682690577032,2.324877680587769,-2.265025297164917,0.8076879829196714,0.6523598777528473,0.34115419137014147
matched_2023_to_2024,temporal_gap,LV,1,0.40139508533477786,0.40139508533477786,0.40139508533477786,,,
matched_2023_to_2024,temporal_gap,NL,42,1.308234865413561,0.9747899238041471,0.48692925544012167,0.9637435207277024,0.9288015737446274,0.9172081135259175
matched_2023_to_2024,temporal_gap,NO,4,0.22363990779010592,0.19130599880218496,0.19130599880218496,0.9994557214074954,0.9989117390541771,0.995912279995397
matched_2023_to_2024,temporal_gap,PL,62,1.051038035517872,0.7850357562649636,0.26795266206802854,0.9793647637661289,0.9591553405066855,0.9548569613138811
matched_2023_to_2024,temporal_gap,PT,14,2.514547299104366,1.5933320973941254,1.2310372456823073,0.939416617311068,0.8825035808801696,0.7747023119497499
matched_2023_to_2024,temporal_gap,SE,9,0.8414054645744032,0.6552973445256551,0.648935311741299,0.9960134112846433,0.9920427154588719,0.9474644282138219
matched_2023_to_2024,temporal_gap,TR,24,7.580995913209919,5.457359748204548,-1.0445129578908283,0.9060074823372473,0.8208495580510774,0.8171479609909367
raw_2024,baseline,AD,1,25.442295810222625,25.442295810222625,-25.442295810222625,,,
raw_2024,baseline,AT,80,6.2349462007128045,5.204562121617793,-5.11995661457777,0.6523751078690707,0.42559328136718166,-0.803321259135938
raw_2024,baseline,BE,29,2.425780908092501,1.8645077586996146,0.8065076499149718,0.9409206653995881,0.8853316985760036,0.8041468669485226
raw_2024,baseline,BG,10,14.393636295709742,13.08336570930481,-13.08336570930481,0.4464847014873088,0.19934858866221125,-3.631156447484371
raw_2024,baseline,CH,16,5.049786906568678,4.18660308766365,-3.220992841243744,0.6285315443573378,0.39505190225222014,-0.035384243089756406
raw_2024,baseline,CY,1,1.4017340440750123,1.4017340440750123,-1.4017340440750123,,,
raw_2024,baseline,CZ,36,5.866296716994538,4.937386896663242,-4.487016896883647,0.6362030003065925,0.4047542575991101,-0.5924092414591284
raw_2024,baseline,DE,220,4.477035401904316,3.2917129983078346,-2.270377808419141,0.6904844302827908,0.47676874846295025,0.10741281635606859
raw_2024,baseline,DK,1,0.9010384979248043,0.9010384979248043,-0.9010384979248043,,,
raw_2024,baseline,EE,5,1.6353448503640318,1.07465474319458,-1.035153914642334,0.9868813219050658,0.9739347435250901,0.6781758389392876
raw_2024,baseline,ES,124,10.440871759351268,5.4045692043266,0.37994609244023614,0.6600865300354958,0.43571422713430147,-1.1289672344473356
raw_2024,baseline,FI,2,0.25189095960741037,0.25166192293167117,-0.25166192293167117,0.9999999999999999,0.9999999999999998,-16.051613956447746
raw_2024,baseline,FR,136,5.774987175250268,4.361214051800616,-1.5392286086994058,0.697133129976068,0.48599460091022934,-0.4306662381782862
raw_2024,baseline,GR,3,14.080450847557726,9.115129697163901,8.040823010762532,0.8589528710315956,0.7378000346534208,-3.574176755262525
raw_2024,baseline,HR,1,17.841014442443846,17.841014442443846,-17.841014442443846,,,
raw_2024,baseline,HU,3,8.577232118775456,8.182304694493611,-8.182304694493611,-0.9177913776849852,0.8423410129529032,-27.847265051364047
raw_2024,baseline,IE,4,4.721249432980892,4.05436385011673,-0.10449825716018646,0.881486875915151,0.7770191124106527,-1.0915317977139813
raw_2024,baseline,IT,194,9.542712877237804,7.474180960768278,-4.816528818253389,0.4371571902447268,0.1911064089826643,-1.2041654123635346
raw_2024,baseline,LT,4,5.381388752319607,3.2138489601612092,-2.4739503657817843,0.5766006519255846,0.3324683118010092,0.1335891954694972
raw_2024,baseline,LU,5,5.870040235654635,4.440625205993652,-4.440625205993652,0.9153041546291264,0.8377816954813397,-0.5408936405110383
raw_2024,baseline,LV,1,0.1115845470428467,0.1115845470428467,0.1115845470428467,,,
raw_2024,baseline,NL,42,6.688476043485509,4.704485585803077,4.513164994830177,0.7890739579674181,0.6226377111423667,-1.1640669463687856
raw_2024,baseline,NO,4,3.6289555636090056,2.648148885726929,-1.5020316801071167,0.46719622591887766,0.21827231351284299,-0.07633095832223447
raw_2024,baseline,PL,62,6.309668462133452,5.457658694390327,-5.149466544643525,0.6830197992436269,0.4665160461588044,-0.6269230182143277
raw_2024,baseline,PT,14,6.1278277100832135,4.345800709451948,0.26106028406960646,0.6679275282132644,0.44612718294508114,-0.3379818096867815
raw_2024,baseline,SE,9,4.176254106949263,2.4469340337382426,1.5190380384922029,0.7442803431821198,0.553953229247294,-0.2942454246381798
raw_2024,baseline,TR,24,19.707398776011402,14.856345137675603,-11.895323157866793,0.5157921090054887,0.2660414997123299,-0.2356796419474716
