Station,Country,Longitude,Latitude,Average,Model_Raw,Model_Corrected,Residual
AD0942A,AD,1.5391,42.5097,23.917,0.33460486,25.264273,1.3472726898193343
AT0ENK1,AT,13.6709,48.3916,8.715,5.7195306,6.9280157,-1.78698429107666
AT0KLH1,AT,15.9563,46.7672,7.011,4.395337,5.5327635,-1.4782365188598634
AT0PIL1,AT,15.936,48.7212,6.956,3.0046813,6.325111,-0.6308890876770024
AT0VOR1,AT,12.9746,46.6777,2.683,1.4228147,10.532705,7.849705307006836
AT0ZOE2,AT,14.4409,47.8383,3.037,1.8622466,5.9021945,2.8651944999694825
AT10003,AT,17.0703,48.1092,12.214,11.9573145,11.444735,-0.7692654266357426
AT2KA71,AT,14.2991,46.6266,16.875,7.825537,14.603925,-2.2710752487182617
AT2SP10,AT,13.1945,46.935,10.194,0.8544101,8.2330065,-1.9609935226440438
AT2SP18,AT,13.4939,46.8014,16.478,3.400433,9.516312,-6.961688354492189
AT2WO35,AT,14.8917,46.7083,7.908,4.890128,6.972296,-0.9357037620544437
AT30065,AT,16.1434,48.1955,13.583,5.7449613,11.292222,-2.2907779769897463
AT30101,AT,14.8788,48.1199,15.595,8.6647215,13.499033,-2.0959670257568366
AT30201,AT,16.2057,47.9592,8.94,9.020269,7.55762,-1.3823799514770503
AT30202,AT,15.9189,48.1051,5.606,7.120208,4.9743204,-0.631679588317871
AT30301,AT,16.9579,48.1442,11.195,6.028957,10.430197,-0.7648032379150393
AT30302,AT,16.6753,48.05,8.067,5.9438763,8.279447,0.2124466018676756
AT30401,AT,16.7294,48.3347,9.092,4.5044007,8.688099,-0.4039010925292974
AT30403,AT,16.522,48.3929,9.347,5.1466737,8.030136,-1.316863891601562
AT30407,AT,16.6363,48.2307,9.374,4.7260056,8.921297,-0.45270292663574274
AT30502,AT,15.0467,48.8786,4.178,2.7651303,7.372251,3.194251033782959
AT30601,AT,16.3139,48.3025,9.192,8.24118,9.8904505,0.6984504776000975
AT31204,AT,15.205,48.2128,11.606,5.1578703,8.655039,-2.950961166381836
AT31401,AT,16.301,48.0856,12.534,10.557002,12.395862,-0.13813837432861398
AT31502,AT,15.86,47.6703,3.599,2.430448,4.0603404,0.46134040451049785
AT31701,AT,15.5455,48.3704,7.458,4.2617364,7.894533,0.43653315734863263
AT31901,AT,16.0625,48.3294,12.581,6.580278,12.360909,-0.22009053802490186
AT32301,AT,15.6325,48.2116,14.121,7.5778894,12.323979,-1.7970206222534184
AT32401,AT,16.255,47.8142,12.587,7.236125,11.122942,-1.4640580291748044
AT32501,AT,15.6192,48.4086,13.489,4.955329,11.842408,-1.6465918197631844
AT32604,AT,14.7723,48.0451,8.878,4.1439986,8.381078,-0.4969222335815431
AT32701,AT,16.4759,48.1456,14.079,15.871045,18.598063,4.519062515258788
AT4S108,AT,14.5747,48.5311,4.169,3.042127,4.5276303,0.3586303291320805
AT4S125,AT,13.6322,47.7161,10.235,2.3174148,6.99331,-3.2416900253295893
AT4S184,AT,14.2975,48.3061,20.101,7.478599,12.1147175,-7.986282516479491
AT4S404,AT,14.2376,48.2253,17.788,16.840702,18.14108,0.35308085632324193
AT4S406,AT,14.0366,48.1649,18.395,12.0474,15.762368,-2.632631797790527
AT4S409,AT,14.4424,48.0493,12.462,5.7875457,10.651407,-1.8105927581787107
AT4S416,AT,14.3148,48.2733,21.712,23.244534,26.883022,5.17102230834961
AT51066,AT,13.0433,47.8056,17.446,8.60203,15.783446,-1.662553688049318
AT52100,AT,13.1051,47.6668,8.38,5.5733395,11.279793,2.8997927856445305
AT53055,AT,13.0158,47.9367,5.484,5.443513,5.0337706,-0.45022943878173827
AT54057,AT,13.2056,47.3514,16.219,1.754837,8.224127,-7.994873184204103
AT55032,AT,13.808,47.1257,11.693,1.3687888,12.58556,0.8925598449707035
AT56072,AT,12.7951,47.3266,12.605,1.7643654,12.054339,-0.5506605911254887
AT60106,AT,15.0867,47.0633,13.948,3.5229564,1.7943362,-12.153663800239563
AT60107,AT,15.1528,47.0447,13.563,4.7780538,8.388626,-5.174373901367188
AT60118,AT,14.6767,47.1781,9.923,3.0224924,8.659803,-1.2631966094970704
AT60138,AT,15.4151,47.0944,16.054,15.773948,18.443945,2.389944931030275
AT60139,AT,15.4044,47.0694,19.939,15.773948,18.443945,-1.4950550689697266
AT60142,AT,15.0741,47.3753,13.169,8.479659,17.461788,4.292788177490234
AT60145,AT,15.2903,47.4458,14.179,6.0915575,15.793039,1.6140393218994138
AT60170,AT,15.4331,47.0417,22.091,15.773948,18.443945,-3.6470550689697276
AT60172,AT,15.4319,47.0692,21.605,15.773948,18.443945,-3.161055068969727
AT60179,AT,15.9719,47.2829,13.916,4.9284296,11.14163,-2.774369827270508
AT60180,AT,15.2533,47.4094,11.158,6.0915575,15.793039,4.635039321899415
AT60194,AT,15.6731,47.6047,12.656,1.8085971,5.9745054,-6.681494575500489
AT60195,AT,15.2128,46.8139,11.085,4.8718863,7.8824167,-3.2025832748413094
AT60197,AT,15.5406,46.7783,15.276,9.105052,13.350683,-1.9253167877197264
AT60198,AT,16.079,47.0474,12.578,5.2240376,9.584229,-2.993770530700683
AT72110,AT,11.3924,47.2626,24.88,14.176997,18.724806,-6.155194168090819
AT72113,AT,11.3747,47.2699,13.178,14.176997,18.724806,5.546805831909179
AT72227,AT,11.5125,47.2781,24.136,7.8241935,20.980434,-3.15556558227539
AT72530,AT,12.0666,47.4886,19.012,6.871577,15.778326,-3.233673965454102
AT72538,AT,11.91,47.4587,12.361,6.1655073,10.887043,-1.4739570007324225
AT72552,AT,12.1724,47.5818,15.705,8.062838,13.808247,-1.896753387451172
AT72710,AT,10.7441,47.4476,10.992,2.2716267,9.455387,-1.5366128845214853
AT72912,AT,12.766,46.8191,11.239,2.713531,8.712816,-2.5261837615966805
AT80503,AT,9.9267,47.5292,3.728,3.1596618,3.1974118,-0.530588224411011
AT900KE,AT,16.4761,48.1567,19.45,15.871045,18.598063,-0.8519374847412102
AT900ZA,AT,16.3571,48.249,13.583,13.85946,15.86752,2.2845203323364256
AT90AKC,AT,16.3498,48.2191,16.528,13.85946,15.86752,-0.6604796676635729
AT90FLO,AT,16.397,48.2611,19.288,13.85946,15.86752,-3.4204796676635745
AT90LOB,AT,16.5256,48.1621,10.569,8.98013,8.4876995,-2.0813004913330087
AT9BELG,AT,16.3614,48.1744,21.494,17.455778,19.355272,-2.1387277069091795
AT9GAUD,AT,16.3393,48.1871,21.316,17.455778,19.355272,-1.9607277069091786
AT9JAEG,AT,16.2972,48.2702,7.759,7.7937403,9.984119,2.225119415283203
AT9KEND,AT,16.3098,48.205,17.136,13.85946,15.86752,-1.2684796676635735
AT9LIES,AT,16.3001,48.1412,16.115,17.455778,19.355272,3.240272293090822
AT9SCHA,AT,16.3016,48.2354,10.052,13.85946,15.86752,5.815520332336426
AT9STAD,AT,16.4583,48.2264,18.102,11.974077,16.327133,-1.7748668212890628
BETB004,BE,4.3478,50.8521,23.375,22.529106,19.38726,-3.9877395629882812
BETB006,BE,4.3744,50.8386,25.479,22.529106,19.38726,-6.0917395629882805
BETB011,BE,4.2887,50.8578,13.867,16.036966,14.451988,0.5849882202148429
BETMEU1,BE,4.3957,50.895,18.379,22.529106,19.38726,1.0082604370117174
BETN016,BE,5.164,51.2337,12.544,9.769229,12.342207,-0.2017930450439458
BETN027,BE,5.6067,51.1337,11.396,8.613961,11.063212,-0.3327876052856453
BETN029,BE,2.5823,51.0163,9.581,8.933343,10.305512,0.7245124282836919
BETN035,BE,4.8376,50.9776,10.898,10.207524,13.202276,2.3042762298583988
BETN040,BE,4.2252,50.7681,10.089,12.850913,10.650346,0.5613458023071285
BETN052,BE,3.3225,50.8149,14.139,12.345393,16.88566,2.7466601715087897
BETN054,BE,5.1032,50.7117,9.96,7.2746315,11.480888,1.520888366699218
BETN060,BE,3.4576,50.6167,10.025,12.351639,11.36965,1.3446498870849606
BETN066,BE,6.0023,50.6289,6.905,6.1070313,7.527898,0.6228978347778318
BETN070,BE,3.9397,50.4652,18.422,13.609421,19.790216,1.368216445922851
BETN073,BE,4.9884,50.5027,7.536,8.215792,8.090285,0.5542853012084965
BETN085,BE,6.0017,50.3032,5.27,4.2495294,5.1432214,-0.12677862167358356
BETN093,BE,5.2352,50.2745,7.547,5.2476053,7.160024,-0.386975833892822
BETN100,BE,4.5948,50.0957,4.957,4.302557,4.70781,-0.24919007492065415
BETN113,BE,5.593,50.027,5.166,3.975801,4.4223986,-0.7436014328002933
BETN121,BE,5.2024,49.8771,5.03,3.7748768,4.3405685,-0.6894314575195315
BETN132,BE,5.6304,49.7193,5.843,4.057014,5.2514606,-0.5915394477844238
BETR001,BE,4.3341,50.8497,25.091,22.529106,19.38726,-5.703739562988282
BETR012,BE,4.3586,50.7966,10.795,11.643797,15.566703,4.771702842712402
BETR020,BE,4.4367,50.9414,19.196,17.176048,17.637886,-1.5581139526367203
BETR221,BE,5.6278,50.6584,19.402,12.560344,16.776876,-2.62512355041504
BETR222,BE,5.5702,50.6134,16.265,14.907752,16.604906,0.33990608215331974
BETR501,BE,4.4522,50.4093,22.187,13.629844,20.624647,-1.5623528594970715
BETR502,BE,4.4587,50.429,18.916,13.629844,20.624647,1.7086471405029293
BETR801,BE,4.4318,51.2097,24.754,27.539095,17.495157,-7.258842758178712
BG0040A,BG,23.311,42.7323,24.281,8.5390005,21.007355,-3.273645263671874
BG0041A,BG,25.5935,42.0564,20.465,4.7676716,11.486066,-8.978934135437012
BG0043A,BG,23.5574,43.208,16.485,3.3485298,15.433947,-1.0510533905029291
BG0045A,BG,25.9641,43.8514,22.925,11.096633,29.365662,6.440661621093749
BG0050A,BG,23.2968,42.6806,30.591,6.703939,33.17264,2.5816417541503895
BG0051A,BG,24.7652,42.1429,7.108,7.779991,23.690596,16.582595626831054
BG0052A,BG,23.4002,42.6665,19.908,10.625846,31.386341,11.478341094970702
BG0057A,BG,25.6912,43.1265,18.733,3.2025902,13.913884,-4.8191158370971685
BG0058A,BG,23.0978,42.0019,16.959,5.1172943,17.310928,0.35192834472656287
BG0075A,BG,27.9157,43.2244,31.383,5.2561026,13.8275,-17.555499656677245
CH0002R,CH,6.9445,46.8131,10.235,4.510037,8.489173,-1.7458270645141596
CH0003R,CH,8.9047,47.4798,9.557,5.056165,7.4909,-2.066099960327149
CH0004R,CH,6.9792,47.0495,3.683,3.4035468,4.1461506,0.463150588989258
CH0005A,CH,8.6134,47.4029,19.042,10.384035,14.846982,-4.195017997741701
CH0005R,CH,8.4633,47.0674,4.206,6.9756308,9.815303,5.609302848815918
CH0008A,CH,7.5833,47.5411,14.681,13.071445,15.602922,0.9219224395751962
CH0010A,CH,8.5304,47.3776,20.753,17.39745,20.630877,-0.1221234588623048
CH0011A,CH,8.9571,46.0111,21.064,8.896749,13.789463,-7.274536956787109
CH0017A,CH,7.5821,47.5659,18.538,13.071445,15.602922,-2.935077560424805
CH0019A,CH,9.3944,47.4067,5.183,7.6403227,4.925181,-0.25781908798217756
CH0022A,CH,8.3007,47.0677,14.561,11.952068,14.671801,0.11080061340332037
CH0024A,CH,7.1483,46.139,13.436,3.8126466,12.097379,-1.3386212692260742
CH0033A,CH,8.9339,46.1603,14.252,5.5293174,9.485074,-4.766925956726075
CH0043A,CH,8.9673,46.0255,17.972,8.896749,13.789463,-4.182536956787111
CH0050A,CH,6.0742,46.2311,13.526,5.3471627,11.998031,-1.5279693374633787
CH0051A,CH,6.0052,46.1626,9.42,6.400928,6.84298,-2.577020092010498
CY0002R,CY,33.0578,35.038,3.033,0.97871673,1.4283357,-1.6046643333435058
CZ0AKOB,CZ,14.4676,50.1222,16.907,11.338223,17.213768,0.3067680053710937
CZ0ALIB,CZ,14.4459,50.0073,14.486,15.706666,26.289492,11.803491653442382
CZ0AREP,CZ,14.4292,50.0881,24.045,15.706666,26.289492,2.244491653442381
CZ0ARIE,CZ,14.4427,50.0815,19.751,15.706666,26.289492,6.538491653442382
CZ0BBDN,CZ,16.6163,49.2027,21.342,6.3915668,19.779219,-1.562781326293944
CZ0BBNY,CZ,16.6962,49.149,13.017,12.026605,13.870183,0.8531829910278326
CZ0BZNO,CZ,16.0601,48.843,11.652,4.238587,11.647373,-0.004626800537108622
CZ0CCBD,CZ,14.4657,48.9844,11.859,5.91946,13.237932,1.3789322052001953
CZ0CPRA,CZ,14.0004,49.0161,9.131,2.6522648,9.897824,0.7668242874145506
CZ0EPAO,CZ,15.7394,50.0422,13.272,7.4852295,12.638612,-0.6333882064819338
CZ0JKOS,CZ,15.0803,49.5734,3.62,2.9614015,6.008612,2.3886121559143065
CZ0KPRB,CZ,12.6154,50.3725,3.845,2.8306582,8.532231,4.687231330871581
CZ0KSOM,CZ,12.6728,50.1728,11.427,4.723857,11.24265,-0.18434996795654257
CZ0MJES,CZ,17.1902,50.2422,4.399,2.4252212,5.4721045,1.073104549407959
CZ0MOLJ,CZ,17.2381,49.6015,17.669,5.201871,18.823391,1.154390960693359
CZ0PKUJ,CZ,13.6185,49.722,7.66,5.246912,10.351248,2.691247787475586
CZ0PPLL,CZ,13.3682,49.7701,13.11,8.835646,13.478365,0.3683649444580084
CZ0PPLV,CZ,13.4234,49.7686,9.749,8.263774,14.459419,4.710419250488281
CZ0SKLS,CZ,14.106,50.1674,13.455,7.33294,12.398529,-1.056470947265625
CZ0SMBO,CZ,14.9139,50.4286,14.245,6.6244802,12.888864,-1.3561364364624016
CZ0TBKR,CZ,18.5386,49.5026,4.325,2.9571736,4.84472,0.519719886779785
CZ0TCER,CZ,17.5419,49.7771,4.981,2.437879,5.59663,0.615630096435547
CZ0TCTN,CZ,18.6097,49.749,17.625,9.607874,14.987099,-2.6379013061523438
CZ0TFMI,CZ,18.3511,49.6718,13.775,6.4948144,15.716158,1.9411579132080075
CZ0TOFF,CZ,18.2637,49.8392,17.002,10.627393,18.520054,1.5180538635253917
CZ0TOPO,CZ,18.1593,49.8253,13.094,6.291636,15.728769,2.6347693023681646
CZ0TSTD,CZ,18.0893,49.7209,12.57,5.5813646,11.781332,-0.7886679840087893
CZ0TVER,CZ,18.4229,49.9247,13.009,8.398855,17.467024,4.458023849487304
CZ0UDCM,CZ,14.2188,50.7742,16.759,4.5253897,15.966212,-0.7927877273559574
CZ0ULOM,CZ,13.6734,50.5858,9.613,12.616274,13.546798,3.9337977523803715
CZ0UMOM,CZ,13.6453,50.5104,17.593,12.616274,13.546798,-4.046202247619629
CZ0USNZ,CZ,14.0868,50.7894,7.677,5.0426254,8.414763,0.737763450622559
CZ0UTUS,CZ,13.3276,50.3766,10.192,4.473128,8.838034,-1.3539663238525392
CZ0UULK,CZ,14.0412,50.6835,10.605,7.2815623,16.512606,5.907605667114257
CZ0UULM,CZ,14.0431,50.6611,20.025,7.2815623,16.512606,-3.5123943328857408
CZ0ZZLN,CZ,17.6672,49.2329,11.466,5.999701,13.527392,2.0613923873901374
DEBB021,DE,13.0602,52.4014,12.997,6.6820693,14.256492,1.2594916610717775
DEBB048,DE,12.8095,52.9319,11.939,3.8044763,10.045948,-1.893051971435547
DEBB053,DE,14.0152,52.5639,6.842,4.508112,6.646393,-0.19560717773437464
DEBB055,DE,12.5523,52.4204,9.968,5.042954,8.657727,-1.3102727584838867
DEBB063,DE,11.7385,52.9988,7.773,3.7777913,6.2139397,-1.5590603332519528
DEBB064,DE,14.3345,51.7468,9.568,5.9457536,10.518876,0.9508760757446293
DEBB065,DE,12.5614,52.1942,5.969,3.7103295,4.660127,-1.3088728370666507
DEBB066,DE,14.0569,51.8975,5.742,4.1645064,5.93573,0.19372998046875
DEBB075,DE,13.1237,52.4842,9.594,9.334748,10.556827,0.9628265914916998
DEBB083,DE,14.3764,51.5645,8.553,6.169138,9.262706,0.7097058029174796
DEBB086,DE,13.4243,52.3497,12.033,7.8834844,10.959883,-1.0731172637939448
DEBB092,DE,14.526,52.3347,9.544,5.6327953,9.186796,-0.3572038116455083
DEBE010,DE,13.3493,52.543,18.971,16.8947,19.182798,0.2117983856201171
DEBE018,DE,13.3488,52.4858,15.922,15.702832,18.50908,2.5870808868408197
DEBE027,DE,13.3681,52.3984,9.479,7.186225,9.437574,-0.04142561340331952
DEBE032,DE,13.2251,52.4732,10.299,12.393407,9.497094,-0.8019058456420893
DEBE034,DE,13.4308,52.4895,16.989,13.667311,18.71921,1.730209671020507
DEBE051,DE,13.4831,52.6442,10.266,8.917796,8.861876,-1.4041244659423828
DEBE056,DE,13.6471,52.4477,8.368,8.851822,8.587217,0.21921733093261686
DEBE062,DE,13.2961,52.6533,7.856,9.100695,11.448148,3.592147773742676
DEBE066,DE,13.5295,52.4853,13.12,13.195302,13.769284,0.6492842483520516
DEBE068,DE,13.4188,52.5136,16.088,16.248222,18.560486,2.472485839843749
DEBW009,DE,8.6767,49.4195,14.436,11.486319,16.461596,2.0255955352783204
DEBW010,DE,8.7001,49.3007,11.402,7.4304533,11.839642,0.43764157104492263
DEBW013,DE,9.2297,48.8088,19.156,13.922627,20.2001,1.0440999450683606
DEBW015,DE,9.2248,49.1655,18.77,12.228856,18.110006,-0.6599936676025386
DEBW019,DE,9.979,48.3968,18.003,8.970325,17.58205,-0.420949676513672
DEBW023,DE,7.6333,47.5882,13.169,12.304984,10.770892,-2.3981078567504888
DEBW024,DE,9.1728,48.8992,16.466,15.682951,17.219604,0.7536044921874989
DEBW027,DE,9.2073,48.4889,18.195,5.316764,11.145551,-7.049449272155762
DEBW029,DE,10.0963,48.8479,15.12,5.6227307,15.555961,0.4359606552124031
DEBW031,DE,7.7645,47.8099,3.347,3.806262,3.223397,-0.12360298347473142
DEBW033,DE,8.6655,48.889,19.238,6.1096373,17.143936,-2.094063842773437
DEBW038,DE,9.4857,47.6601,14.861,7.334794,11.430654,-3.430346427917481
DEBW039,DE,8.4636,48.0487,11.132,4.559527,9.992744,-1.1392555541992184
DEBW042,DE,9.2294,48.6775,17.773,12.277152,20.027391,2.2543914337158206
DEBW046,DE,9.8003,48.0899,12.438,5.2016697,10.718071,-1.7199290161132819
DEBW052,DE,9.1693,47.6644,15.129,7.530055,13.257383,-1.8716166534423824
DEBW059,DE,9.6579,49.6348,10.08,5.1155295,8.886655,-1.1933451461791993
DEBW073,DE,7.568,47.819,14.454,13.807871,13.658063,-0.7959370651245123
DEBW076,DE,8.2202,48.7731,11.66,5.062274,11.053566,-0.6064340209960939
DEBW081,DE,8.3556,49.0286,15.093,15.025375,16.488264,1.3952640838623047
DEBW084,DE,7.8321,48.0015,14.158,9.993076,12.448594,-1.7094059066772456
DEBW087,DE,9.2076,48.3458,5.229,3.26302,4.9083705,-0.3206295051574708
DEBW107,DE,9.0512,48.5077,15.338,7.464768,14.00045,-1.3375498657226554
DEBW112,DE,8.9044,48.6456,9.805,9.710978,9.369822,-0.43517845153808565
DEBY004,DE,9.1715,49.8694,11.988,6.572439,10.6853695,-1.302630508422851
DEBY005,DE,9.118,49.9915,20.052,9.716895,18.427069,-1.6249312896728512
DEBY007,DE,10.8884,48.3766,19.506,10.116857,17.169895,-2.3361048278808596
DEBY009,DE,10.8877,49.8983,17.555,5.9264884,14.955985,-2.5990149307250974
DEBY012,DE,12.8293,48.1772,16.912,6.560981,14.414039,-2.497961341857909
DEBY013,DE,12.7814,48.1828,11.253,5.501205,9.031819,-2.2211806564331056
DEBY020,DE,11.8975,50.3206,12.574,4.8930445,10.517896,-2.0561043014526366
DEBY030,DE,11.9488,48.9042,13.421,5.1774354,13.013351,-0.4076485595703119
DEBY031,DE,10.3066,47.7251,14.853,6.234261,13.082227,-1.7707732467651365
DEBY032,DE,11.4426,50.1031,15.69,4.5272694,13.035661,-2.6543392562866206
DEBY039,DE,11.5547,48.1545,20.275,22.531206,26.741459,6.466458892822267
DEBY049,DE,11.7778,48.8532,7.901,4.640773,8.90384,1.0028400650024416
DEBY052,DE,10.0083,48.3971,20.588,8.670046,17.0238,-3.5642001037597666
DEBY058,DE,11.0248,49.4622,20.977,14.427881,21.244131,0.2671310882568356
DEBY067,DE,12.1281,49.322,14.056,5.4635625,13.377224,-0.6787760314941398
DEBY068,DE,10.2321,50.0484,17.14,7.2961473,15.57561,-1.5643898391723638
DEBY072,DE,12.5489,49.4385,5.019,3.0239158,4.0318613,-0.9871386947631837
DEBY075,DE,12.1594,49.679,19.96,6.2074943,16.308344,-3.6516561126708993
DEBY088,DE,12.5382,48.0217,12.953,4.74165,9.672215,-3.2807845382690424
DEBY089,DE,11.648,48.1732,14.21,18.817318,14.783028,0.5730276489257804
DEBY099,DE,10.9031,48.326,13.119,8.9063425,11.696385,-1.4226146163940427
DEBY109,DE,11.2202,47.9688,5.459,4.7130814,4.677799,-0.781200775146484
DEBY113,DE,10.9635,49.6059,12.18,7.608006,13.88509,1.7050898742675784
DEBY118,DE,13.422,48.5736,22.466,6.2035336,21.941095,-0.5249046478271495
DEBY122,DE,10.4366,47.5411,5.952,1.8942297,3.6791818,-2.2728181858062744
DEBY124,DE,10.325,49.4441,8.709,4.312411,7.981416,-0.72758377456665
DEBY187,DE,10.5977,48.9522,11.635,4.2354174,11.221737,-0.4132630920410154
DEBY188,DE,11.0279,49.3227,17.354,9.921303,16.412811,-0.9411887207031242
DEBY189,DE,11.4644,48.1817,17.393,16.589779,16.835,-0.5580009155273444
DEHB001,DE,8.8158,53.0772,17.579,11.933838,12.408757,-5.170242790222169
DEHB002,DE,8.917,53.06,16.212,10.345014,13.82482,-2.387180435180664
DEHB004,DE,8.6255,53.1809,15.058,12.466798,12.478433,-2.579567344665527
DEHB005,DE,8.5694,53.5625,17.602,14.436938,14.300178,-3.3018224258422855
DEHB012,DE,8.7351,53.1317,16.916,11.652675,11.978012,-4.937987915039063
DEHE001,DE,8.6646,49.8723,15.333,12.859806,16.046274,0.7132741851806639
DEHE005,DE,8.5425,50.1018,28.235,14.84995,23.227985,-5.007014617919921
DEHE008,DE,8.7463,50.1253,21.202,18.001211,22.913551,1.7115513305664045
DEHE011,DE,8.9216,50.1358,18.391,12.359263,15.225981,-3.165019241333006
DEHE013,DE,9.4834,51.3142,15.35,8.605998,14.682123,-0.6678768157958981
DEHE018,DE,8.4515,50.0103,19.871,18.877182,20.038969,0.16796903991699352
DEHE020,DE,8.5006,50.5672,21.78,8.27812,18.305803,-3.474196701049806
DEHE022,DE,8.245,50.0503,18.346,18.484097,20.181025,1.8350245513916015
DEHE024,DE,9.7746,51.2918,4.094,3.8124962,4.1386414,0.044641357421874694
DEHE026,DE,9.3994,50.1644,4.601,4.4220586,4.8918834,0.29088337326049807
DEHE028,DE,8.8173,49.6535,5.371,4.913317,5.75093,0.37992983245849565
DEHE030,DE,8.7693,50.8043,15.849,6.7882857,10.656909,-5.1920910110473635
DEHE032,DE,9.8003,50.97,11.811,4.2407174,7.548407,-4.262592922210693
DEHE039,DE,9.4594,50.7704,5.255,4.842199,5.2774243,0.022424335479736435
DEHE042,DE,8.6844,50.533,12.093,9.932217,11.864783,-0.22821671295166013
DEHE043,DE,8.5168,49.8252,12.423,11.679571,12.413569,-0.009430549621582074
DEHE044,DE,8.061,50.3832,19.317,7.1430902,16.13669,-3.1803098602294924
DEHE045,DE,9.002,49.6725,13.291,4.344111,7.8305993,-5.460400691986084
DEHE050,DE,9.2712,51.3608,5.471,6.154663,9.410757,3.939757064819336
DEHE051,DE,9.9359,50.4977,3.318,3.1569695,3.2253027,-0.09269730377197272
DEHE052,DE,8.4461,50.2219,4.934,6.001887,10.625896,5.691896453857422
DEHE060,DE,9.0318,51.1548,4.365,4.251144,4.4006906,0.03569055557250955
DEHE105,DE,8.4917,50.5751,15.611,7.246772,11.716128,-3.8948716506958014
DEHH008,DE,9.9679,53.5641,18.296,24.761087,19.295132,0.99913168334961
DEHH047,DE,10.1106,53.6307,10.529,11.7068405,11.463265,0.9342654190063477
DEHH050,DE,9.8572,53.4809,9.6,7.528059,7.2939377,-2.306062316894531
DEHH059,DE,9.9906,53.5079,18.891,24.761087,19.295132,0.40413168334961114
DEHH079,DE,9.9448,53.5453,23.595,24.761087,19.295132,-4.2998683166503895
DEMV004,DE,12.0647,53.8178,5.294,3.3448439,3.8031213,-1.4908786716461178
DEMV007,DE,12.1741,54.1616,8.092,7.852243,7.2549734,-0.8370265884399419
DEMV012,DE,14.2574,53.5205,5.0,3.0412214,5.3532224,0.3532223701477051
DEMV017,DE,11.3733,53.3074,5.589,3.5401683,4.885307,-0.7036931648254399
DEMV019,DE,12.1755,53.7818,6.69,3.376109,6.6084137,-0.08158630371093789
DEMV021,DE,12.08,54.1713,10.263,12.500531,14.110967,3.847966682434082
DEMV024,DE,12.4639,53.3963,5.45,3.4464543,4.1960225,-1.2539774894714357
DEMV026,DE,13.3421,54.3235,4.929,3.4157486,4.9982586,0.06925859069824192
DENI011,DE,10.4736,52.2269,10.074,8.919997,12.420872,2.346871734619141
DENI016,DE,10.4813,51.9016,8.107,5.1390414,7.1173105,-0.9896894760131829
DENI020,DE,10.8164,52.4408,11.606,6.8726625,12.736753,1.1307534637451173
DENI028,DE,10.2385,51.5076,8.058,4.588776,8.216274,0.15827426147460955
DENI029,DE,7.2073,53.3623,12.07,12.821921,13.120436,1.0504357147216794
DENI031,DE,8.0906,53.5962,8.661,7.2836366,7.93505,-0.7259499893188472
DENI038,DE,8.0529,52.2553,13.213,11.456856,11.972379,-1.2406212692260734
DENI041,DE,9.0626,52.1702,8.959,5.8220387,9.553295,0.5942951354980472
DENI042,DE,9.9498,51.5511,10.359,7.3903737,10.773989,0.4149887237548828
DENI043,DE,7.3175,52.4986,12.16,7.519742,11.64263,-0.5173703765869142
DENI051,DE,10.6125,51.7582,4.095,2.7275727,3.7928808,-0.30211922645568823
DENI052,DE,9.623,52.8294,8.911,5.8578644,8.458063,-0.452936874389648
DENI054,DE,9.7061,52.3629,13.475,11.613856,12.430794,-1.0442062377929684
DENI058,DE,7.214,53.7153,6.749,6.1811895,6.7285933,-0.020406650543212557
DENI059,DE,8.8012,53.8302,9.218,14.589045,9.250653,0.03265326690673831
DENI060,DE,11.1671,52.957,8.087,3.8250134,7.6284924,-0.45850764465332006
DENI062,DE,10.4565,53.247,11.231,6.3518124,10.778512,-0.4524879989624022
DENI063,DE,9.685,53.5242,10.461,13.813938,11.285642,0.8246416702270505
DENI077,DE,9.5546,51.7088,5.717,4.0319915,6.878467,1.1614670829772953
DENW002,DE,7.3314,51.6414,15.179,13.574599,14.230844,-0.9481564559936526
DENW006,DE,7.5698,51.5922,17.987,15.508917,15.030158,-2.9568419570922835
DENW008,DE,7.4574,51.5369,20.82,16.485428,17.636103,-3.1838973236083987
DENW010,DE,7.6938,51.5475,14.973,14.5553,13.00308,-1.9699196319580086
DENW022,DE,7.1019,51.5336,19.535,19.814165,17.618135,-1.9168645477294923
DENW024,DE,6.981,51.4965,22.663,19.844713,20.320547,-2.3424528961181643
DENW029,DE,7.2086,51.403,14.071,16.5549,11.666533,-2.404466529846191
DENW038,DE,6.8651,51.4535,19.967,22.333773,21.69751,1.7305097656250013
DENW053,DE,6.8846,51.0193,18.397,20.109951,20.203962,1.8069623260498062
DENW059,DE,6.9851,50.8899,21.075,21.087952,22.745178,1.6701782226562507
DENW062,DE,7.0827,50.7536,20.191,16.05635,20.951778,0.7607784118652354
DENW064,DE,6.281,50.6532,5.223,4.7038693,3.9239063,-1.2990936737060546
DENW065,DE,8.1919,50.9303,3.923,4.8704667,4.156545,0.2335451622009277
DENW066,DE,6.1958,51.3269,16.628,14.709945,14.932221,-1.6957785873413087
DENW068,DE,8.148,51.5707,8.218,7.5377593,7.632591,-0.5854092292785644
DENW071,DE,6.7324,51.2492,19.231,25.6809,22.724766,3.493765777587889
DENW078,DE,6.8199,51.3034,18.733,18.370977,16.870462,-1.8625375823974615
DENW079,DE,7.005,51.0289,19.052,16.048529,17.735415,-1.3165854949951168
DENW080,DE,7.0526,51.1838,15.971,13.875954,14.065924,-1.9050763092041016
DENW081,DE,6.8745,51.862,11.516,9.655436,8.879437,-2.6365625534057617
DENW094,DE,6.0938,50.7547,9.974,8.867151,10.064094,0.09009358978271464
DENW095,DE,7.6116,51.9365,14.852,12.261912,13.118186,-1.733814002990723
DENW179,DE,7.5823,51.4488,16.243,14.269394,13.577282,-2.6657180480957017
DENW247,DE,6.9656,51.4068,22.297,19.844713,20.320547,-1.9764528961181647
DERP001,DE,8.4023,49.515,18.076,22.955475,19.485264,1.4092638244628901
DERP007,DE,8.2168,50.0176,16.68,18.484097,20.181025,3.501024551391602
DERP009,DE,8.274,49.995,24.284,14.1860485,26.983044,2.699043670654298
DERP013,DE,7.2935,49.4231,5.455,5.0291204,8.215218,2.760217590332031
DERP014,DE,7.1934,49.7409,3.978,3.556838,3.9418116,-0.036188438415527546
DERP015,DE,6.3781,50.2665,3.865,3.648901,3.978678,0.11367798805236795
DERP016,DE,7.9735,50.7668,5.01,5.2170663,5.1906962,0.18069623947143576
DERP017,DE,7.8264,49.2703,4.116,4.188647,3.9015763,-0.2144237194061276
DERP019,DE,7.7673,49.446,15.878,7.646682,14.796612,-1.0813882141113282
DERP021,DE,7.4814,50.4247,17.787,11.566747,16.037603,-1.7493966217041006
DERP022,DE,7.8662,49.8412,18.988,7.9669337,16.809185,-2.1788149719238277
DERP025,DE,8.2535,49.0523,12.831,10.147786,12.240128,-0.590872436523437
DERP028,DE,7.7299,50.4243,5.895,8.26623,6.3829107,0.48791072845459027
DERP053,DE,8.423,49.3511,21.321,14.55831,22.056402,0.7354022064208969
DERP060,DE,7.6146,49.192,12.259,4.139659,7.136561,-5.122439083099366
DESH008,DE,10.2406,54.0932,6.11,5.228374,4.794807,-1.3151930427551273
DESH023,DE,10.6959,53.8355,9.722,9.462841,8.842146,-0.8798540802001948
DESH035,DE,9.1569,53.8961,19.981,16.81536,18.160988,-1.8200121459960954
DESL011,DE,7.0363,49.2372,10.839,9.008355,13.2353945,2.396394477844238
DESL012,DE,6.9876,49.2335,22.623,10.644329,16.538103,-6.084896896362306
DESL013,DE,6.7536,49.3226,14.75,12.302852,15.772877,1.0228767395019531
DESL017,DE,6.8677,49.2543,14.035,9.732556,12.78794,-1.2470599746704103
DESL019,DE,6.552,49.4169,6.116,5.1785617,5.480261,-0.6357391510009762
DESN001,DE,12.9973,50.5709,14.52,3.3429193,14.761352,0.24135158538818402
DESN004,DE,14.4438,51.1757,13.029,4.7248178,11.56376,-1.4652401962280273
DESN017,DE,13.3468,50.9163,18.074,4.45352,9.723122,-8.350878356933595
DESN024,DE,12.4687,50.3548,9.198,3.1805973,7.859375,-1.3386250000000004
DESN045,DE,14.8228,50.8924,9.471,3.8048074,9.403773,-0.06722669219970712
DESN051,DE,13.675,51.1195,9.192,6.287978,10.380871,1.1888708190917967
DESN052,DE,13.7515,50.7315,5.081,3.7143886,9.043122,3.962122291564941
DESN059,DE,12.2974,51.3179,11.401,7.448097,11.784772,0.3837719192504885
DESN074,DE,13.4651,50.6591,5.795,4.0884905,6.577724,0.7827239799499512
DESN079,DE,14.7497,51.2854,6.266,4.1736174,6.064779,-0.20122119522094728
DESN092,DE,13.7302,51.0361,13.871,11.039453,12.594839,-1.2761609039306645
DESN093,DE,12.2111,50.6081,7.059,4.5007544,9.492787,2.4337873611450194
DEST002,DE,11.8648,52.2684,8.618,5.6648483,8.526879,-0.09112068939209017
DEST011,DE,10.7901,51.8394,10.705,4.0522194,9.039942,-1.6650582122802735
DEST029,DE,11.739,51.8035,13.681,7.156036,14.521158,0.8401582183837899
DEST044,DE,11.0574,51.897,10.384,4.6505275,8.955746,-1.428254302978516
DEST050,DE,11.9791,51.4962,13.109,7.9259877,12.045925,-1.0630748596191406
DEST066,DE,12.6637,51.8709,7.494,4.8254623,8.099156,0.6051563796997073
DEST077,DE,11.6115,52.1279,12.767,8.784493,11.614921,-1.1520793838500971
DEST098,DE,11.0434,51.6624,4.122,3.0752547,3.1951087,-0.9268913478851317
DEST104,DE,11.8914,51.8373,6.612,5.145197,6.305859,-0.306140911102295
DETH005,DE,11.3689,50.6512,11.955,4.017066,10.651961,-1.303038673400879
DETH009,DE,12.0749,50.8779,14.285,5.49012,11.668132,-2.6168681716918947
DETH011,DE,12.4376,50.9878,12.589,5.167677,12.427456,-0.16154409790039104
DETH013,DE,10.3172,50.9783,10.681,4.342984,10.316383,-0.3646166381835929
DETH018,DE,10.7914,51.4972,12.717,5.0034475,12.848276,0.13127613830566354
DETH020,DE,11.0379,50.9795,14.952,7.5943174,15.5243435,0.572343490600586
DETH026,DE,10.3753,50.5618,6.344,3.6386616,7.274344,0.9303439674377438
DETH027,DE,11.1346,50.5,4.721,3.788291,6.1821747,1.4611746826171874
DETH036,DE,12.2052,50.6559,10.256,4.5007544,9.492787,-0.7632126388549807
DETH041,DE,11.5971,50.9335,13.332,5.8367596,11.32127,-2.010730010986329
DETH042,DE,10.8672,51.3333,4.303,4.096156,5.603657,1.3006567687988282
DETH061,DE,11.6612,50.7916,4.25,3.6986172,5.207172,0.9571719169616699
DETH093,DE,11.321,50.9822,12.818,5.6918736,13.411512,0.5935123748779301
DETH095,DE,10.451,51.2079,11.343,4.1080017,12.380629,1.0376285858154297
DEUB001,DE,8.308,54.9231,4.09,2.6944923,3.9993932,-0.09060677528381333
DEUB005,DE,10.7561,52.8009,4.836,3.7609417,5.989352,1.153352226257324
DEUB028,DE,12.725,54.4368,4.137,4.2044845,5.2961698,1.159169757843018
DK0056A,DK,10.1936,56.1598,9.115,6.4878335,8.905946,-0.2090542221069338
EE0009R,EE,25.9306,59.4944,1.671,1.7554607,2.0372715,0.366271499633789
EE0011R,EE,21.845,58.3761,1.606,1.4495568,1.761661,0.15566105270385733
EE0016A,EE,26.7589,58.7028,1.215,1.4532549,1.5840656,0.369065556526184
EE0021A,EE,26.7347,58.3706,8.918,6.2121773,8.148414,-0.7695863418579094
EE0022A,EE,28.1792,59.3762,7.078,3.6589916,7.762147,0.6841469497680661
ES0001R,ES,-4.3504,39.5463,1.06,1.137713,2.217811,1.157811107635498
ES0006R,ES,4.3239,39.8761,2.998,2.4854052,7.786109,4.78810897064209
ES0007R,ES,-3.5506,37.2369,2.838,2.714267,7.793804,4.955804168701172
ES0008R,ES,-4.8497,43.4392,2.084,2.5601106,3.8384128,1.7544127616882323
ES0009R,ES,-3.1425,41.2742,2.08,0.8174298,1.5462209,-0.5337791013717652
ES0010R,ES,3.3156,42.3192,3.009,1.965717,4.117811,1.1088112030029298
ES0011R,ES,-6.9233,38.4728,1.848,1.157455,1.9872581,0.13925807666778556
ES0012R,ES,-1.1008,39.0828,1.139,1.4506185,1.2173932,0.078393159866333
ES0013R,ES,-5.8974,41.2389,1.533,1.200087,2.6848722,1.1518721504211427
ES0014R,ES,0.7342,41.3933,2.619,1.6208507,3.0025873,0.38358731842040994
ES0016R,ES,-7.7046,42.6347,2.579,2.484825,2.3270187,-0.25198126220703143
ES0017R,ES,-6.555,37.0519,2.829,3.0464222,1.7163265,-1.1126735248565676
ES0125A,ES,-3.705,40.3469,35.087,25.96899,36.843185,1.7561854248046842
ES0126A,ES,-3.7319,40.3947,28.016,25.96899,36.843185,8.82718542480469
ES0296A,ES,3.016,39.7485,7.77,4.4329123,7.983509,0.21350906372070355
ES0692A,ES,2.115,41.3705,24.9,74.91603,53.10891,28.208909606933595
ES0694A,ES,2.0098,41.3922,28.32,26.756247,36.282013,7.962012939453125
ES1038A,ES,-4.0642,43.3464,7.041,11.658529,21.420155,14.379154571533203
ES1039A,ES,-4.0636,43.3558,13.719,11.658529,21.420155,7.701154571533204
ES1126A,ES,1.9232,41.4756,25.861,18.630974,46.877678,21.016677917480468
ES1193A,ES,-3.7492,40.42,17.159,20.698555,33.200592,16.041592041015626
ES1231A,ES,2.089,41.4768,20.944,21.894936,31.514782,10.570781951904298
ES1353A,ES,-5.6796,43.2941,11.163,3.5597508,13.836306,2.6733056182861326
ES1396A,ES,2.1331,41.3788,25.773,74.91603,53.10891,27.335909606933594
ES1397A,ES,2.2873,42.0033,16.014,6.086649,10.17196,-5.842040122985839
ES1400A,ES,-0.1519,41.5056,5.746,2.2700887,15.591854,9.845854095458984
ES1421A,ES,-1.1067,40.3364,8.204,2.7493367,21.386623,13.182623382568359
ES1425A,ES,-6.0056,37.3753,19.623,17.524588,31.909962,12.286961700439452
ES1432A,ES,-6.5527,43.1788,6.466,1.531096,3.4409862,-3.025013843536377
ES1433A,ES,-5.596,43.2757,7.104,2.8603997,8.1119795,1.0079794845581054
ES1435A,ES,-0.2492,40.4167,4.948,1.0825881,2.6749308,-2.2730691890716557
ES1443A,ES,-3.6361,42.3361,9.373,6.273664,21.287128,11.914128448486329
ES1450A,ES,-5.9517,37.3983,16.34,17.746704,22.564178,6.224178466796875
ES1453A,ES,2.2095,41.4474,29.203,27.722557,46.349457,17.146456787109376
ES1472A,ES,-1.653,42.806,17.966,7.867641,17.084415,-0.8815845642089855
ES1489A,ES,-3.2317,42.8752,2.5,1.4880981,4.1778398,1.677839756011963
ES1491A,ES,-2.7032,43.4059,3.501,4.5757356,7.180589,3.679589199066162
ES1516A,ES,-6.2252,36.5228,10.062,30.672358,26.73039,16.668390548706057
ES1529A,ES,-3.7903,43.4678,16.252,9.680313,16.326818,0.07481846618652455
ES1530A,ES,-4.1356,43.0119,7.937,1.392613,8.948653,1.0116532211303708
ES1531A,ES,-4.2531,43.1533,1.393,1.3943319,1.722188,0.3291879959106445
ES1532A,ES,-3.6514,40.3881,30.662,27.810436,46.113018,15.451018035888673
ES1537A,ES,-3.1716,40.6298,18.48,9.474421,26.591496,8.111495513916015
ES1543A,ES,-0.1694,40.735,4.605,1.1051008,1.5672113,-3.037788729667664
ES1544A,ES,-2.3937,42.849,9.431,2.7569447,12.109298,2.678297752380372
ES1549A,ES,-2.811,36.7697,13.815,5.6868324,26.350779,12.535778579711915
ES1551A,ES,2.1254,41.5127,26.936,20.835003,39.602673,12.666672576904297
ES1568A,ES,-3.8768,40.3242,23.5,22.008532,32.034847,8.534847259521484
ES1572A,ES,-5.8728,43.3727,10.479,16.806913,20.05728,9.578279586791993
ES1578A,ES,-3.2206,43.3825,9.113,5.016558,10.456366,1.343365585327149
ES1579A,ES,-4.0628,43.2644,6.571,2.9870195,6.3945856,-0.17641439056396457
ES1593A,ES,-6.2031,36.4606,9.666,7.6437244,22.680115,13.01411474609375
ES1598A,ES,-3.1344,43.2129,8.985,4.4961023,8.280417,-0.7045825576782221
ES1599A,ES,-2.155,43.2506,3.64,6.6060557,4.6702085,1.03020845413208
ES1601A,ES,-7.0114,38.8876,13.338,2.9364,6.8963866,-6.441613376617431
ES1602A,ES,-2.428,42.464,16.162,9.778319,14.3500595,-1.8119404907226553
ES1604A,ES,2.6217,39.5645,9.681,57.539,18.944595,9.263595336914063
ES1611A,ES,-3.5914,40.0333,12.56,3.4247181,13.952885,1.3928846740722651
ES1612A,ES,-3.8689,40.4461,18.427,15.188841,25.560423,7.133422897338868
ES1616A,ES,-5.943,39.8437,2.729,1.776991,5.177268,2.4482680282592773
ES1624A,ES,-0.6828,38.2422,9.956,8.024494,13.961325,4.005324691772461
ES1640A,ES,-5.8337,37.3425,11.892,10.813311,18.274857,6.382856567382813
ES1641A,ES,-0.8936,41.6353,17.123,12.594589,20.130604,3.007603790283202
ES1645A,ES,-3.575,40.4747,30.187,29.339344,39.735622,9.548622406005858
ES1653A,ES,-5.9138,37.2845,13.926,8.342854,18.817024,4.891024230957031
ES1654A,ES,-5.6669,37.9943,3.67,1.2387158,2.454835,-1.2151650619506835
ES1656A,ES,-3.7816,37.7826,15.27,4.3675256,16.539808,1.2698082733154301
ES1670A,ES,-1.2814,39.5586,2.771,2.631128,5.8518596,3.0808595695495606
ES1675A,ES,-0.1467,38.5714,7.544,6.031124,8.782105,1.2381054458618168
ES1679A,ES,2.1874,41.3864,31.205,74.91603,53.10891,21.903909606933595
ES1696A,ES,-1.9844,43.3028,11.845,14.328124,20.855507,9.010506896972656
ES1712A,ES,-2.9871,43.2984,17.925,18.055101,25.278364,7.353364181518554
ES1747A,ES,-1.651,42.826,18.311,7.867641,17.084415,-1.2265845642089843
ES1749A,ES,-2.173,42.898,11.829,2.958205,10.535477,-1.2935233154296881
ES1778A,ES,2.358,41.7793,2.505,3.008785,2.4332778,-0.07172215461730946
ES1786A,ES,-2.3905,36.865,6.643,6.039755,17.462156,10.819156295776367
ES1799A,ES,-4.7623,37.8926,14.579,7.819386,19.09557,4.5165696105957025
ES1802A,ES,-3.4679,40.909,3.625,1.6362767,2.8843412,-0.7406587600708008
ES1805A,ES,-3.7022,40.7806,9.155,2.6705952,3.8319416,-5.3230583953857415
ES1806A,ES,-3.2211,40.2876,6.21,2.6328244,8.674869,2.4648685836791993
ES1807A,ES,-3.5429,40.3597,23.741,17.122665,32.544453,8.803452667236328
ES1808A,ES,-4.3981,40.3677,5.615,2.6891787,3.9215527,-1.6934473419189455
ES1809A,ES,-3.6803,40.1852,18.795,9.116981,16.059278,-2.735721511840822
ES1810A,ES,-4.2752,40.2479,4.858,4.178977,6.1974807,1.33948067855835
ES1815A,ES,1.6866,41.3468,12.078,9.854557,21.029755,8.951754638671876
ES1816A,ES,2.4433,41.5472,16.838,14.078059,20.879112,4.041112243652343
ES1818A,ES,-4.0208,39.8681,16.01,5.798243,18.457682,2.4476816558837875
ES1819A,ES,-6.3392,38.9062,7.919,4.1426563,10.589835,2.6708351669311527
ES1820A,ES,-6.3974,38.428,4.114,2.6015542,7.2325907,3.118590675354004
ES1824A,ES,-3.8103,37.7844,7.898,2.680579,7.0332403,-0.8647596817016598
ES1828A,ES,3.8576,40.0106,5.389,1.499916,2.933109,-2.4558909549713137
ES1829A,ES,2.6481,39.6356,7.555,7.529262,13.172509,5.61750919342041
ES1838A,ES,-3.5033,40.5997,12.314,9.423324,14.190483,1.8764830932617187
ES1851A,ES,1.8482,42.0979,11.336,4.4414597,7.443062,-3.892938171386719
ES1856A,ES,2.148,41.4261,21.872,29.527184,34.21489,12.342889526367188
ES1868A,ES,-8.5591,42.876,7.527,7.933046,13.412856,5.885856101989746
ES1882A,ES,-1.8687,38.1147,6.242,1.889784,5.219562,-1.02243794631958
ES1890A,ES,-3.8337,40.3419,26.55,22.008532,32.034847,5.484847259521484
ES1903A,ES,2.0138,41.3135,21.749,26.756247,36.282013,14.533012939453126
ES1910A,ES,1.9915,41.3031,12.068,13.049144,15.699994,3.6319940872192387
ES1914A,ES,-0.8033,38.4547,8.678,2.850016,4.22228,-4.455719974517823
ES1921A,ES,-0.9762,37.6018,17.649,7.385277,29.517628,11.868627716064452
ES1937A,ES,-3.6867,40.3981,28.868,27.810436,46.113018,17.245018035888673
ES1939A,ES,-3.6856,40.4097,22.294,28.761284,30.658997,8.36499658203125
ES1941A,ES,-3.6119,40.3728,29.097,27.810436,46.113018,17.01601803588867
ES1942A,ES,-3.5806,40.4625,31.442,29.339344,39.735622,8.29362240600586
ES1944A,ES,-3.6603,40.4942,25.507,28.761284,30.658997,5.1519965820312486
ES1945A,ES,-3.7744,40.5181,14.429,6.1157227,10.440604,-3.988395790100098
ES1946A,ES,-3.6089,40.465,21.105,28.761284,30.658997,9.55399658203125
ES1947A,ES,-3.6897,40.5006,26.056,14.94113,24.05784,-1.9981596527099619
ES1957A,ES,-8.4092,43.3828,11.021,13.498869,16.920366,5.8993662872314445
ES1963A,ES,-3.8328,40.1192,17.662,9.412534,19.664797,2.002796829223634
ES1974A,ES,-5.6707,43.5166,15.591,19.710705,15.568223,-0.022777000427245397
ES1982A,ES,0.7296,42.0513,1.219,1.454561,1.2937065,0.0747065362930297
ES1988A,ES,-5.5664,42.5753,10.77,6.99651,16.435856,5.665855865478516
ES1989A,ES,-5.0897,43.0414,2.37,0.8107298,1.7277627,-0.6422373008728028
ES1990A,ES,-6.2239,40.5697,2.227,2.7635624,10.652558,8.425558326721191
ES1991A,ES,-2.8569,41.7236,4.935,1.0715302,2.1061165,-2.8288834667205807
ES1992A,ES,2.1151,41.3875,20.994,74.91603,53.10891,32.114909606933594
ES1997A,ES,-6.0848,40.0437,7.02,2.2851427,9.496988,2.4769882965087895
ES2014A,ES,-7.4089,42.0616,1.107,1.5051816,3.2959108,2.188910835266113
ES2029A,ES,-4.7008,40.6647,7.616,2.25689,18.831402,11.215401824951172
ES2041A,ES,0.1911,41.9161,13.277,3.4280217,12.365566,-0.9114337463378899
ES2054A,ES,-5.9583,43.5705,7.887,15.06622,19.59131,11.704310501098632
FI00352,FI,29.4016,66.3217,1.023,0.56068486,1.10704,0.08404004764556894
FI00356,FI,24.1123,67.9672,0.826,0.435758,0.8663032,0.04030320549011235
FR01011,FR,6.1808,49.1194,14.939,11.422829,10.745855,-4.193144668579102
FR01012,FR,6.2233,49.1103,14.006,8.004028,12.877033,-1.128966766357422
FR01018,FR,6.1228,49.1075,11.698,11.422829,10.745855,-0.952144668579102
FR01020,FR,6.1569,49.3583,16.683,13.231493,14.5861635,-2.0968364791870115
FR02022,FR,4.6292,43.6751,14.949,7.43493,16.86885,1.9198507080078127
FR02041,FR,5.1011,43.639,11.909,5.2008395,11.82052,-0.08847959899902413
FR03014,FR,5.3601,43.3481,31.435,12.949398,26.077974,-5.357025680541991
FR03029,FR,5.4409,43.5303,17.742,9.153794,15.402741,-2.3392585678100595
FR03043,FR,5.3947,43.3053,23.157,12.949398,26.077974,2.920974319458008
FR03060,FR,5.8754,43.1016,15.113,8.444214,16.890158,1.7771576995849614
FR03080,FR,4.8043,43.9497,13.714,11.290087,13.601982,-0.11201788330078166
FR04002,FR,2.2944,48.9303,24.227,26.231104,23.338982,-0.8880183715820316
FR04004,FR,2.3467,48.8917,27.487,44.72594,28.908607,1.421607482910158
FR04014,FR,2.3939,48.8372,24.805,44.72594,28.908607,4.1036074829101565
FR04017,FR,2.2781,48.8814,25.525,37.55931,27.410212,1.885211563110353
FR04018,FR,2.3847,48.9039,28.298,31.173822,27.617605,-0.6803947906494123
FR04024,FR,2.4447,48.9908,20.998,26.45844,21.340893,0.34289279174804577
FR04029,FR,2.1306,48.7992,17.17,14.330625,17.449173,0.2791729736328108
FR04034,FR,2.3758,48.7759,21.001,29.102531,23.230642,2.2296423187255847
FR04038,FR,1.8833,48.5819,8.218,5.9045854,8.3612585,0.14325850677490237
FR04060,FR,2.2933,48.8572,25.431,37.55931,27.410212,1.9792115631103506
FR04063,FR,1.7033,48.9964,17.935,9.281962,15.557097,-2.37790256500244
FR04069,FR,2.6614,48.5414,14.412,9.881794,13.657249,-0.7547505493164071
FR04098,FR,2.6353,48.8403,18.361,15.2555,18.21002,-0.15097993469238347
FR04100,FR,2.5072,48.8819,22.325,21.897911,21.406761,-0.9182388305664055
FR04101,FR,2.5175,48.8164,22.315,21.897911,21.406761,-0.9082388305664075
FR04149,FR,2.4572,48.7067,16.016,20.715807,17.570154,1.5541541900634783
FR04156,FR,2.4525,48.9025,24.057,26.45844,21.340893,-2.7161072082519517
FR04319,FR,2.5753,48.9556,21.375,24.536114,21.84146,0.4664592742919922
FR04323,FR,2.4292,48.6272,19.03,17.164341,19.473454,0.4434535217285145
FR05078,FR,0.1427,49.4983,14.858,33.51104,17.354033,2.4960325164794916
FR05087,FR,0.7587,49.4984,7.818,6.389736,8.570193,0.7521932907104496
FR05090,FR,0.1006,49.5147,11.246,10.87795,9.71953,-1.5264698944091801
FR07004,FR,3.1138,45.7973,16.484,10.818219,17.426607,0.942607131958006
FR07022,FR,3.6007,46.6527,2.923,2.7056265,8.273424,5.35042414855957
FR08003,FR,3.8663,43.6113,19.721,6.8710837,21.496965,1.7759654083251952
FR08016,FR,3.8868,43.5915,16.156,7.346946,15.840119,-0.3158806381225574
FR08022,FR,3.5048,43.2875,5.353,2.3790457,6.5283957,1.1753956527709963
FR08614,FR,4.3744,43.8344,13.144,8.420585,11.961014,-1.1829862060546876
FR08714,FR,2.9005,42.6955,15.274,5.97522,12.521237,-2.7527626266479484
FR09003,FR,-1.1537,46.1626,14.412,5.5532823,10.074193,-4.337806999206544
FR09008,FR,-1.1171,46.1351,7.338,5.5532823,10.074193,2.736193000793457
FR09103,FR,0.1672,45.6474,12.33,7.308881,11.708921,-0.6210785675048829
FR09302,FR,-0.3959,46.1432,2.259,2.301102,2.417185,0.15818506813049327
FR09404,FR,0.3456,46.584,15.116,6.5122137,11.363324,-3.7526758346557614
FR12004,FR,1.4181,43.5757,14.271,11.776439,13.535429,-0.7355709991455086
FR12026,FR,2.1459,43.9278,10.684,6.83717,11.734464,1.0504636917114265
FR12030,FR,1.444,43.5873,12.98,11.776439,13.535429,0.5554290008544918
FR12042,FR,-0.0405,43.0962,10.67,3.738333,10.408929,-0.2610711288452148
FR12052,FR,0.0623,43.2303,12.193,6.325916,11.60536,-0.5876399688720699
FR12053,FR,2.2302,43.6105,6.373,3.4971836,10.297151,3.924150611877441
FR14010,FR,4.0511,49.2822,13.449,10.712713,13.799455,0.35045468902587906
FR14012,FR,4.0206,49.2242,12.852,10.712713,13.799455,0.9474546890258786
FR14022,FR,4.36,48.9622,10.586,6.4291663,9.975407,-0.6105933532714847
FR14031,FR,4.0769,48.3017,12.478,5.056727,12.191776,-0.28622372436523413
FR14033,FR,4.0503,48.295,10.465,5.5601926,10.216735,-0.24826511383056626
FR14042,FR,4.9661,48.6458,9.297,5.1770935,8.679692,-0.6173077316284186
FR14051,FR,4.7192,49.7453,12.493,6.9460983,9.136467,-3.3565330200195316
FR15018,FR,5.5894,45.3602,14.071,8.241826,12.110991,-1.9600094757080075
FR15043,FR,5.7356,45.1619,13.527,18.5097,18.496674,4.969673583984376
FR15045,FR,5.6767,45.0578,8.991,3.1189768,12.346872,3.3558723297119144
FR16017,FR,8.1585,48.9194,11.161,9.909947,13.418821,2.2578213348388676
FR16029,FR,7.7816,48.6104,16.172,13.97756,14.4608135,-1.7111864776611334
FR16057,FR,7.3473,47.7574,21.068,13.035965,15.216711,-5.851288955688478
FR16060,FR,7.5682,47.5949,18.269,13.071445,15.602922,-2.666077560424803
FR16066,FR,7.3091,47.7374,14.59,13.035965,15.216711,0.6267110443115236
FR18053,FR,2.3046,49.9017,13.467,5.978375,14.416548,0.9495477752685542
FR19012,FR,-4.4866,48.3862,11.006,6.85216,8.0639305,-2.942069488525391
FR19032,FR,-3.395,47.7425,9.062,6.0386415,9.65977,0.5977700119018561
FR20047,FR,4.954,45.8232,11.013,7.713977,12.925166,1.912166130065918
FR20048,FR,5.0722,45.7533,8.927,9.722351,10.581828,1.6548281173706059
FR20062,FR,4.8542,45.7577,16.669,28.843536,23.428349,6.759348541259765
FR21001,FR,-0.3911,49.1922,11.638,9.545792,11.101256,-0.5367436294555663
FR21019,FR,-0.3528,49.1517,11.803,9.545792,11.101256,-0.7017436294555672
FR21031,FR,0.1108,48.4456,8.724,3.5243459,7.646293,-1.0777068367004397
FR21040,FR,-1.0847,49.1164,8.608,3.6032412,9.751186,1.1431863708496088
FR22054,FR,6.9109,49.1874,15.586,6.8823233,12.390764,-3.195235763549805
FR23078,FR,-0.8836,47.0558,8.868,4.2993765,7.4402614,-1.427738636016846
FR23107,FR,-1.5733,47.2528,10.649,11.156624,11.535344,0.8863441238403329
FR23110,FR,-2.2502,47.2641,7.941,6.671732,7.4815607,-0.4594392929077147
FR23120,FR,-0.5559,47.4685,11.535,9.496591,13.250216,1.7152155303955077
FR23123,FR,-0.7681,48.0693,10.122,5.1597095,11.079549,0.9575488357543946
FR23124,FR,-0.7434,46.6566,3.905,2.6275108,4.585937,0.680937023162842
FR23152,FR,-1.4369,46.6606,7.607,3.9522486,7.588009,-0.01899111938476583
FR23174,FR,0.1961,47.989,10.127,6.286555,10.915574,0.7885740737915032
FR23177,FR,-0.4448,47.7883,5.11,2.6389213,4.910405,-0.1995948410034183
FR23181,FR,-2.2232,47.2731,8.27,6.671732,7.4815607,-0.7884392929077144
FR23182,FR,0.2214,47.9711,8.864,6.083965,10.019452,1.1554520950317375
FR23188,FR,-1.5374,47.2222,10.859,11.156624,11.535344,0.676344123840332
FR24007,FR,7.0932,43.5988,22.65,17.655165,30.707859,8.057859039306642
FR24036,FR,7.2863,43.7021,25.122,10.594076,24.268818,-0.8531820983886718
FR25039,FR,1.1483,49.0213,12.2,6.5084743,12.146133,-0.05386657714843679
FR25043,FR,1.099,49.4005,13.705,14.532544,16.339703,2.634702606201172
FR26012,FR,4.0995,47.2748,2.609,1.5440444,2.451158,-0.15784195327758788
FR26017,FR,3.1711,46.9968,7.053,4.087359,9.228568,2.1755680770874024
FR27003,FR,4.7665,45.4545,12.781,5.505349,12.166361,-0.6146391448974615
FR27005,FR,4.7707,45.3218,10.244,6.425065,9.715568,-0.5284324111938474
FR27010,FR,5.1811,45.4609,3.829,2.7386806,4.391876,0.5628762207031248
FR29423,FR,4.0747,46.0411,14.576,5.3977823,10.782295,-3.7937047729492193
FR29424,FR,4.3954,45.4201,15.884,10.1133585,17.388472,1.5044716033935543
FR29439,FR,4.4297,45.4818,11.622,7.1473017,9.945084,-1.6769163818359374
FR30028,FR,7.0111,48.0511,2.282,1.8843203,3.1993957,0.9173956565856933
FR30034,FR,6.1904,48.6882,14.001,12.699246,13.348379,-0.6526208648681635
FR30037,FR,6.136,48.6569,10.664,12.699246,13.348379,2.6843791351318362
FR31001,FR,-0.5804,44.8612,11.319,15.481638,12.720737,1.4017374572753898
FR31007,FR,-0.5158,44.9003,11.733,5.0406213,8.078761,-3.6542388992309576
FR31013,FR,-0.3915,43.3108,10.827,6.78677,8.937299,-1.8897012252807617
FR31016,FR,-1.4892,43.4798,11.636,6.0902476,12.429748,0.7937475814819344
FR31021,FR,-0.5382,43.3763,8.217,4.4727597,7.9322186,-0.28478144836425834
FR31033,FR,0.7272,45.1898,8.583,4.1911182,9.13819,0.5551902694702147
FR32002,FR,4.8351,46.8211,14.144,7.2028427,16.679312,2.535311752319336
FR32005,FR,4.3669,46.6788,12.748,5.068237,9.609248,-3.1387518386840814
FR32006,FR,4.84,46.3162,14.202,7.981222,14.784589,0.5825888137817383
FR33101,FR,5.9283,45.5647,16.735,13.373821,14.750951,-1.9840491867065424
FR33111,FR,6.3496,45.2747,10.437,3.177737,9.631358,-0.8056418533325189
FR33120,FR,6.87,45.9225,19.318,2.5534456,21.913677,2.5956772155761705
FR33121,FR,6.3897,45.675,15.639,6.8939013,16.042751,0.40375131225586003
FR33211,FR,6.2406,46.1958,18.56,8.116249,14.557179,-4.002820549011229
FR33302,FR,5.8208,46.0722,4.239,3.2690723,6.0781364,1.839136444091797
FR34024,FR,0.6538,47.3441,10.094,7.372295,10.631131,0.5371311721801764
FR34025,FR,0.6829,47.4191,9.457,5.498777,11.199006,1.7420060806274407
FR34032,FR,2.4053,47.0828,8.476,4.6628036,8.661521,0.18552095794677648
FR34046,FR,1.3585,48.7297,7.781,6.2502637,8.657758,0.8767577590942386
FR34051,FR,1.6931,46.7983,7.981,3.3809052,8.473517,0.49251741790771497
FR35002,FR,0.8984,45.8849,5.946,3.566852,7.744056,1.7980562248229983
FR35004,FR,1.5373,45.1587,11.461,4.9362564,11.444999,-0.016001258850097955
FR35005,FR,1.873,46.1736,9.64,2.7429414,8.609209,-1.0307909393310553
FR35006,FR,1.7628,45.2627,9.557,3.1394703,10.105929,0.5489293746948238
FR36001,FR,4.8763,44.8702,12.596,8.11305,14.522215,1.926214889526367
FR36002,FR,4.8935,44.9335,16.597,9.045971,17.617483,1.0204831390380846
FR36021,FR,5.279,44.5694,1.643,1.2850937,1.629848,-0.013151996612548844
FR41001,FR,8.7357,41.9247,14.721,10.304064,11.405184,-3.3158162078857423
FR41002,FR,9.4464,42.6979,10.054,5.2642817,9.321328,-0.7326718368530276
FR41017,FR,9.4346,42.6713,6.08,5.2642817,9.321328,3.2413281631469726
FR82006,FR,6.0154,47.2474,14.672,6.3914146,14.142709,-0.5292912216186529
FR82010,FR,6.794,47.5103,16.39,6.2821746,9.358471,-7.031529083251954
GR0028A,GR,23.6884,38.0208,25.468,30.317806,22.373053,-3.0949474029541015
GR0031A,GR,23.713,37.932,27.837,55.47149,22.277102,-5.559898483276367
GR0039A,GR,23.8194,37.9951,11.186,12.534329,6.8572083,-4.328791748046875
HR0009A,HR,16.0065,45.7649,28.77,9.963161,24.307178,-4.4628215026855464
HU0026A,HU,20.6164,48.2472,12.862,5.1697006,11.097765,-1.7642350311279298
HU0037A,HU,17.5567,47.1053,16.343,2.8828764,12.213992,-4.129007881164551
HU0038A,HU,20.7031,48.2181,12.422,4.7727475,11.614997,-0.8070030899047858
IE0028A,IE,-6.2672,53.322,14.179,21.006523,23.42741,9.248410125732422
IE0118A,IE,-9.2997,53.8511,7.524,2.4770653,3.4655235,-4.0584765186309815
IE0132A,IE,-6.1319,53.2858,15.561,8.036677,6.232392,-9.328608165740967
IE0147A,IE,-7.2681,52.6388,4.816,3.1930618,2.2195213,-2.5964787158966063
IT0267A,IT,9.4147,45.3294,21.748,14.514833,19.774164,-1.9738358001708995
IT0448A,IT,12.3139,45.4294,24.118,51.912205,63.497864,39.379863769531255
IT0459A,IT,13.3419,43.5989,22.124,3.8044686,20.228205,-1.8957952728271472
IT0505A,IT,11.4332,46.5897,3.534,3.018949,2.7244914,-0.8095086421966551
IT0507A,IT,11.6541,46.7149,21.223,5.3579936,25.095043,3.872043182373048
IT0508A,IT,11.944,46.7974,16.489,3.6001751,17.88051,1.3915103302001945
IT0544A,IT,9.8303,44.8239,11.675,3.833785,13.92535,2.2503501892089837
IT0591A,IT,11.0394,45.8924,21.115,9.018309,31.140627,10.025626907348634
IT0663A,IT,11.3686,45.7144,21.218,7.8490877,22.820368,1.6023678131103516
IT0703A,IT,11.4539,46.0518,21.611,2.7888873,16.80826,-4.802740036010743
IT0706A,IT,9.3275,45.4828,30.604,19.06907,32.974552,2.3705521545410164
IT0707A,IT,9.6439,45.6903,31.317,23.2281,28.175331,-3.141668884277344
IT0732A,IT,8.8042,45.8361,19.381,10.7495365,19.244919,-0.13608117675781273
IT0741A,IT,10.2994,45.2489,20.578,8.429942,19.517462,-1.060538223266601
IT0742A,IT,10.3858,45.6394,23.636,3.635137,11.737001,-11.898998580932616
IT0743A,IT,10.4808,45.4633,23.558,15.247107,17.71021,-5.847789199829101
IT0775A,IT,9.385,46.1372,21.858,6.6753006,15.388408,-6.469592292785645
IT0804A,IT,10.3317,44.7936,19.784,8.162652,20.843374,1.059374252319337
IT0854A,IT,8.9274,44.4182,21.196,62.193172,44.966103,23.770102600097655
IT0858A,IT,8.9915,44.3949,13.841,35.48659,29.663536,15.822536071777344
IT0862A,IT,11.2875,43.7867,17.91,12.848971,22.402504,4.492503967285156
IT0865A,IT,12.6533,41.5954,15.066,6.016813,18.07158,3.0055808868408196
IT0883A,IT,11.3239,43.7892,5.535,4.9538383,7.739483,2.2044828796386717
IT0884A,IT,11.909,42.1579,6.34,2.3153167,13.7422695,7.402269515991211
IT0889A,IT,13.0097,41.725,24.204,9.330996,20.507574,-3.696425918579102
IT0903A,IT,10.7339,44.5161,17.358,7.586663,16.64225,-0.7157499389648443
IT0908A,IT,10.3725,46.4703,12.425,1.5038863,13.232687,0.8076869964599602
IT0912A,IT,9.1647,45.1939,24.004,9.787625,25.989584,1.9855839691162096
IT0940A,IT,10.6647,44.6908,19.678,8.395573,18.39229,-1.2857098846435555
IT0950A,IT,11.8889,43.4611,14.087,4.783148,14.429101,0.3421009902954104
IT0952A,IT,12.2663,41.8895,9.374,13.555444,13.076624,3.702623916625976
IT0956A,IT,12.5687,41.8577,29.631,17.631725,35.102665,5.471664947509765
IT0957A,IT,12.6585,41.9295,21.628,8.760597,22.6989,1.0709002227783202
IT0963A,IT,12.2622,45.4992,20.794,38.56179,41.03395,20.239950805664062
IT0966A,IT,13.2406,46.0661,17.523,8.406913,17.08494,-0.4380600433349606
IT0977A,IT,6.9778,45.7292,2.942,2.009707,2.3572617,-0.5847383422851564
IT0983A,IT,7.3242,45.7358,21.148,6.881523,27.466896,6.318896057128907
IT0988A,IT,7.7664,45.5966,11.582,2.6730015,11.667083,0.08508278656005785
IT0989A,IT,12.9621,42.5726,4.697,1.1630945,4.589153,-0.10784718704223639
IT0991A,IT,13.3383,41.7273,29.019,1.97652,32.94697,3.9279718933105485
IT0992A,IT,13.6743,41.6692,4.825,2.2910304,4.011006,-0.8139941215515138
IT1037A,IT,11.1262,46.0629,26.332,11.521892,28.213985,1.8819854431152336
IT1043A,IT,12.5533,44.0625,17.108,7.425121,23.658808,6.550807754516601
IT1065A,IT,11.7367,45.7608,14.182,8.467013,19.230722,5.048722427368164
IT1071A,IT,10.7717,43.7131,18.93,7.7414103,24.703093,5.7730925750732425
IT1110A,IT,10.4017,43.7389,14.662,6.3175144,18.1775,3.5154997711181633
IT1114A,IT,7.0501,45.1391,12.366,2.1009805,16.376806,4.010806259155274
IT1120A,IT,7.5496,45.0069,25.335,14.906752,34.780758,9.445757904052734
IT1125A,IT,7.6362,44.9513,24.286,13.410652,33.399166,9.113166107177733
IT1128A,IT,7.658,45.1546,22.39,12.875642,26.617392,4.22739158630371
IT1149A,IT,10.8817,43.2478,4.262,1.4204593,7.460321,3.198320949554444
IT1152A,IT,10.8836,44.7994,24.032,10.369227,22.85165,-1.1803497619628907
IT1176A,IT,12.5416,41.886,30.094,17.631725,35.102665,5.008664947509764
IT1177A,IT,11.5397,45.5606,22.024,16.258207,30.560843,8.536842514038085
IT1179A,IT,11.9611,44.8397,11.676,5.745476,12.80312,1.127119659423828
IT1184A,IT,12.9466,41.5314,22.118,3.2733796,18.2054,-3.9125995330810532
IT1186A,IT,10.245,43.8839,20.82,7.467012,29.410498,8.590497665405273
IT1187A,IT,10.5739,43.8408,17.913,6.8234687,23.96729,6.054290878295898
IT1190A,IT,9.5664,46.1317,16.977,5.556615,17.249899,0.2728989105224606
IT1191A,IT,10.958,46.0825,4.898,3.8736377,3.7101805,-1.1878194789886471
IT1203A,IT,8.8486,45.5467,20.351,14.948119,16.69117,-3.659830261230468
IT1204A,IT,12.2256,44.42,17.466,34.753483,24.261028,6.795028289794921
IT1213A,IT,12.0619,45.0467,16.305,7.4622245,20.66067,4.355669326782227
IT1214A,IT,11.7911,45.0397,17.984,9.392494,19.693989,1.7099888000488264
IT1222A,IT,12.5917,45.6303,21.501,9.004801,17.287603,-4.213396621704103
IT1246A,IT,8.1876,45.569,14.058,7.506067,15.460393,1.4023929519653322
IT1277A,IT,9.6944,40.575,11.719,1.2640556,7.441984,-4.277015823364257
IT1288A,IT,9.5861,45.3086,18.884,14.763394,15.611592,-3.272407707214356
IT1294A,IT,8.7367,45.5258,19.208,15.314851,19.32205,0.11405009460449378
IT1328A,IT,12.3081,45.8906,17.486,8.35221,21.664371,4.178371490478515
IT1365A,IT,12.6236,42.5819,11.572,5.3818135,9.326014,-2.2459864349365226
IT1388A,IT,10.6919,45.4108,20.439,15.322876,15.520811,-4.918188919067383
IT1453A,IT,11.8419,45.3719,28.519,13.230982,29.581945,1.062945419311525
IT1459A,IT,8.8345,45.5829,20.257,14.948119,16.69117,-3.56583026123047
IT1463A,IT,9.6115,45.6206,22.95,23.2281,28.175331,5.225331115722657
IT1464A,IT,9.5564,45.4975,20.969,18.652493,13.725785,-7.243214744567872
IT1486A,IT,14.3447,41.0844,19.068,16.557447,17.653358,-1.4146415405273451
IT1509A,IT,8.7861,45.4097,21.845,22.534088,37.36161,15.516610412597657
IT1510A,IT,8.5655,45.9303,15.477,6.11493,19.372252,3.895251510620117
IT1519A,IT,8.1695,44.4122,9.125,2.5841072,10.107896,0.9828958511352539
IT1523A,IT,8.2055,44.9089,19.248,8.86275,14.929338,-4.318661544799806
IT1524A,IT,8.0333,44.7037,17.543,5.92809,17.486013,-0.056986587524413324
IT1529A,IT,7.5382,44.3818,19.103,6.603191,15.130098,-3.9729016571044937
IT1532A,IT,8.2835,45.7132,13.892,3.346917,15.230991,1.3389913635253912
IT1535A,IT,11.3114,45.1836,21.435,7.316715,18.834822,-2.600178298950194
IT1548A,IT,9.8977,44.1831,4.554,8.39807,3.8986006,-0.6553994216918948
IT1551A,IT,11.1928,43.7569,20.422,10.004472,25.31081,4.8888100891113275
IT1553A,IT,11.0069,43.9161,14.734,4.09788,17.575642,2.841641632080078
IT1557A,IT,10.3217,43.52,13.001,16.808058,21.681326,8.680325912475586
IT1571A,IT,10.9053,43.9408,16.871,5.8552833,18.871983,2.000982574462892
IT1576A,IT,8.3861,39.2033,6.123,1.2654705,9.628025,3.5050250549316404
IT1590A,IT,12.2386,45.6725,24.332,12.070603,31.423271,7.091271179199218
IT1593A,IT,11.1192,42.7786,12.987,3.726152,14.329738,1.3427376632690429
IT1594A,IT,12.2169,46.1414,13.757,5.9169664,22.581638,8.824638336181641
IT1596A,IT,12.5103,45.8369,12.111,6.8208814,13.927008,1.8160076751708978
IT1610A,IT,17.2253,40.4233,11.344,47.687656,14.048596,2.704596382141114
IT1619A,IT,11.9058,46.0308,10.235,5.577397,10.622533,0.3875328445434576
IT1624A,IT,16.8597,41.1006,22.081,20.358757,28.840498,6.759497970581055
IT1644A,IT,10.4536,43.8689,8.221,5.904545,15.680946,7.459946350097656
IT1646A,IT,9.7139,45.082,22.839,12.501033,20.723886,-2.1151135101318346
IT1648A,IT,9.1258,45.7272,22.376,11.572567,28.871012,6.495011734008788
IT1650A,IT,9.0242,45.6269,26.943,16.817469,31.295578,4.352578002929686
IT1654A,IT,11.0919,43.8728,25.651,11.916468,29.54047,3.889470123291016
IT1662A,IT,9.7987,44.1236,8.317,4.0261717,10.839389,2.522388847351074
IT1663A,IT,17.8083,40.5656,9.33,2.567935,10.455748,1.1257476043701171
IT1670A,IT,12.2392,44.1392,18.691,6.571602,19.40867,0.7176704254150401
IT1672A,IT,10.4303,44.2997,2.443,1.5046346,3.1367242,0.6937242336273193
IT1681A,IT,11.9017,43.6603,1.274,1.5071739,1.235243,-0.03875703716278078
IT1692A,IT,9.2358,45.4783,34.88,27.893486,36.387257,1.5072566223144506
IT1702A,IT,17.9436,40.6508,11.012,13.825654,15.882559,4.8705588226318355
IT1728A,IT,12.6517,42.5522,14.674,5.3818135,9.326014,-5.347986434936523
IT1734A,IT,9.3489,45.8408,16.267,9.212479,18.353373,2.0863725738525396
IT1735A,IT,9.0094,45.0003,24.057,7.6061354,16.612133,-7.444866973876952
IT1739A,IT,10.0458,45.1422,25.847,10.915867,33.220547,7.373546722412108
IT1771A,IT,10.9063,44.6506,22.616,12.639254,20.369253,-2.2467468414306637
IT1790A,IT,12.3608,46.1625,5.024,2.8090396,4.545158,-0.4788420906066895
IT1791A,IT,11.5692,45.8483,3.264,1.8863102,3.2476156,-0.016384424209594517
IT1812A,IT,9.4969,45.9131,4.992,2.3375437,12.878609,7.886608703613281
IT1819A,IT,10.0972,44.0783,12.215,19.669237,19.703909,7.488908920288086
IT1823A,IT,16.9197,40.9533,10.381,3.9268863,11.366783,0.9857831420898435
IT1826A,IT,9.3958,45.8494,18.881,9.212479,18.353373,-0.5276274261474612
IT1836A,IT,12.4476,41.9064,32.393,14.24127,39.603363,7.210363037109374
IT1848A,IT,11.0378,45.59,4.504,2.9702158,13.674933,9.170933433532715
IT1860A,IT,12.7372,42.7397,35.793,3.0744784,9.64384,-26.149160163879394
IT1865A,IT,11.0708,44.9969,14.875,6.780676,10.991833,-3.883167266845703
IT1868A,IT,10.7956,45.1606,20.789,9.907476,18.997522,-1.791477645874025
IT1870A,IT,11.6431,45.29,10.171,9.136255,12.990204,2.8192038574218756
IT1873A,IT,8.75,45.6167,20.826,22.039387,26.103344,5.277343963623046
IT1876A,IT,9.4667,45.6833,20.164,13.823515,21.313663,1.1496634826660141
IT1877A,IT,7.6259,45.0419,27.658,30.104286,33.9027,6.244698516845702
IT1878A,IT,8.4024,45.3189,12.73,11.607402,15.497869,2.7678685379028316
IT1888A,IT,13.1186,38.0502,22.148,3.5949092,34.866463,12.718462707519532
IT1902A,IT,12.4681,43.0669,5.812,4.8656087,7.118543,1.3065431480407712
IT1906A,IT,12.4754,41.894,33.087,21.3968,44.514553,11.427553070068356
IT1910A,IT,10.3708,44.9261,15.839,7.637173,14.93214,-0.9068596496582035
IT1911A,IT,10.2889,44.6575,11.631,4.3420463,11.644741,0.013741058349609148
IT1914A,IT,10.6639,44.8731,15.113,7.4582763,12.923975,-2.189025009155273
IT1915A,IT,12.6275,43.9328,9.058,4.36547,8.868431,-0.18956890869140608
IT1916A,IT,12.42,44.0131,9.045,5.441022,8.324617,-0.7203826141357421
IT1917A,IT,11.2997,44.7383,14.991,8.475369,15.944265,0.9532653656005863
IT1918A,IT,11.6497,44.825,16.071,12.638789,19.70828,3.6372805633544907
IT1919A,IT,11.9422,44.7417,12.908,11.235959,18.4519,5.543900482177735
IT1921A,IT,11.1779,44.9278,13.325,6.3668237,14.344274,1.0192735671997077
IT1924A,IT,10.0192,44.9894,15.474,8.842895,14.279202,-1.1947975387573244
IT1928A,IT,12.3322,44.2839,12.48,7.2992043,14.589672,2.1096720886230464
IT1942A,IT,11.0942,42.6706,3.206,2.467831,3.243101,0.037100881576538125
IT1947A,IT,9.0089,39.0667,8.937,44.72514,14.273619,5.336618698120118
IT1948A,IT,8.3103,44.808,9.995,6.0049276,11.2414465,1.2464464950561531
IT1961A,IT,8.2559,46.3148,3.682,0.88044965,5.2080245,1.5260245018005372
IT1964A,IT,9.6669,45.235,22.475,10.293343,23.83991,1.364910507202147
IT1965A,IT,9.4953,45.3028,23.427,14.514833,19.774164,-3.652835800170898
IT1967A,IT,9.8803,46.1686,17.591,4.8658953,21.36789,3.776889404296874
IT1975A,IT,9.6692,45.0383,18.514,9.215313,20.930492,2.4164924011230475
IT1993A,IT,9.1364,39.2606,9.591,15.312692,17.44107,7.850070556640626
IT1996A,IT,8.7731,40.2564,6.852,1.5466968,5.118436,-1.7335641403198245
IT1997A,IT,15.2491,38.1906,10.171,5.690669,20.24604,10.075040344238282
IT2008A,IT,8.6053,39.8853,9.032,2.207904,3.1540399,-5.8779601402282715
IT2009A,IT,8.5761,40.7244,10.708,4.737615,11.948515,1.240514938354492
IT2010A,IT,8.4053,40.8314,8.877,19.133816,7.618766,-1.2582341690063483
IT2012A,IT,12.3456,41.8748,16.907,10.405804,19.643372,2.73637158203125
IT2013A,IT,13.349,41.6396,25.464,7.5105243,23.171797,-2.292203201293944
IT2014A,IT,9.2861,46.0158,13.779,3.6037467,10.629282,-3.149718002319336
IT2027A,IT,12.2247,43.9275,3.214,2.719635,2.4276817,-0.7863183155059814
IT2032A,IT,11.1419,43.4728,13.145,5.2404494,15.464857,2.31985710144043
IT2040A,IT,9.1881,39.2328,11.908,15.312692,17.44107,5.5330705566406255
IT2058A,IT,16.8453,41.1347,19.545,20.358757,28.840498,9.295497970581053
IT2062A,IT,9.6147,45.6439,27.011,23.2281,28.175331,1.164331115722657
IT2071A,IT,11.9022,45.6003,20.137,13.5344925,20.566185,0.4291849975585933
IT2072A,IT,11.5533,45.1039,15.899,7.4402685,16.36284,0.4638406524658212
IT2073A,IT,10.7914,44.5394,16.929,7.586663,16.64225,-0.28674993896484224
IT2074A,IT,9.3669,44.7347,3.528,2.3048165,3.3541455,-0.1738544731140137
IT2075A,IT,11.2861,44.5,15.888,9.818969,19.514652,3.6266522521972657
IT2079A,IT,8.8458,45.3044,18.257,12.620714,20.837252,2.5802516632080064
IT2096A,IT,11.342,46.4992,23.038,9.270546,23.710665,0.6726647491455076
IT2097A,IT,10.9261,44.15,3.298,3.1111107,3.3594015,0.06140146446228023
IT2100A,IT,12.2058,43.1331,10.793,3.588438,9.792125,-1.0008752517700188
IT2101A,IT,7.8375,45.0028,17.968,11.267096,16.328272,-1.6397281341552734
IT2105A,IT,12.2458,43.4569,11.875,3.1837633,13.785967,1.9109668731689453
IT2109A,IT,12.4197,42.5519,7.873,3.67221,7.7671647,-0.10583529281616233
IT2117A,IT,7.7116,45.1763,21.664,21.469347,25.097273,3.433272872924803
IT2128A,IT,8.2921,46.1276,15.661,2.7902226,10.386973,-5.274026618957519
IT2132A,IT,13.5011,45.8364,15.164,8.462383,23.283014,8.119014297485352
IT2141A,IT,15.3867,41.6308,13.46,4.310612,6.342931,-7.117069206237794
IT2151A,IT,18.0472,40.4894,9.201,4.477681,10.557596,1.3565962066650386
IT2153A,IT,11.0978,43.7931,14.422,8.980936,20.710537,6.288536956787109
IT2154A,IT,10.5242,42.9319,11.931,14.352455,21.791296,9.860296005249024
IT2158A,IT,12.4017,43.9081,5.095,3.0430672,5.6114593,0.5164592552185061
IT2170A,IT,13.2622,45.8108,12.726,8.249166,14.356831,1.6308305969238273
IT2175A,IT,12.4132,42.3018,12.263,6.5123177,8.532378,-3.7306218032836913
IT2183A,IT,10.3327,43.5689,16.716,16.808058,21.681326,4.965325912475585
IT2206A,IT,14.345,37.0225,3.233,2.7083478,3.4680676,0.23506764602661123
IT2213A,IT,14.7024,40.711,21.604,7.4357257,18.022974,-3.5810259857177726
IT2233A,IT,7.3043,45.7344,20.17,6.881523,27.466896,7.2968960571289045
IT2239A,IT,10.5599,44.0055,11.38,2.4513307,11.024149,-0.3558510589599617
LT00002,LT,25.2108,54.6861,11.901,12.898641,12.188635,0.28763487243652364
LT00012,LT,24.3656,55.725,11.376,5.012682,5.790571,-5.585428787231445
LT00044,LT,23.8358,54.8836,8.287,8.436136,7.848367,-0.43863278579711995
LT00051,LT,26.0042,55.4633,0.297,1.7178935,1.2252755,0.9282755165100098
LU0101A,LU,6.1376,49.5977,21.785,16.878948,18.910622,-2.874378356933594
LU0102A,LU,5.9769,49.505,18.477,10.345808,11.354349,-7.122650863647461
LU0103A,LU,6.1783,49.9358,5.329,4.6802506,4.9505587,-0.37844133758544896
LU0104A,LU,5.8471,49.7318,9.174,4.7465734,7.1551557,-2.0188443412780757
LU0105A,LU,6.3053,49.7223,6.803,5.9913516,5.899516,-0.9034838943481445
LV0010R,LV,21.1733,56.1624,2.41,1.7945726,2.1407387,-0.2692612743377687
NL00003,NL,4.9438,52.3893,15.383,31.926067,19.914865,4.531865493774415
NL00014,NL,4.8662,52.3597,16.958,34.529716,21.880877,4.922876541137697
NL00019,NL,4.9044,52.3721,21.137,31.926067,19.914865,-1.2221345062255864
NL00021,NL,4.9884,52.3207,14.564,31.926067,19.914865,5.350865493774414
NL00022,NL,4.7933,52.3668,16.862,30.339308,23.415855,6.553855407714845
NL00107,NL,6.0424,51.1192,12.251,10.032348,11.407656,-0.8433442840576166
NL00131,NL,5.8531,51.5405,13.484,9.742774,10.361415,-3.122585090637207
NL00133,NL,5.8817,50.9023,9.876,11.509939,8.978409,-0.897591186523437
NL00138,NL,5.9869,50.9003,12.525,10.457264,11.642899,-0.8821014404296879
NL00230,NL,5.1485,51.5184,13.688,12.837257,11.548152,-2.1398480300903326
NL00235,NL,4.3598,51.4344,13.857,17.729391,13.623377,-0.23362315368652276
NL00246,NL,4.5153,51.6537,13.903,17.782457,15.084576,1.1815756530761714
NL00247,NL,5.3933,51.4074,13.089,11.383071,14.169618,1.080617652893066
NL00301,NL,3.9166,51.6347,12.452,13.523572,12.310719,-0.14128146362304683
NL00318,NL,3.7494,51.2945,13.038,13.746777,13.694842,0.6568423385620115
NL00404,NL,4.2892,52.0771,19.375,21.979523,19.01386,-0.36113929748535156
NL00418,NL,4.48,51.9142,23.857,23.751848,24.974577,1.1175769500732429
NL00437,NL,4.4505,51.7866,14.903,15.071129,12.504784,-2.3982163696289067
NL00442,NL,4.7082,51.8007,17.145,20.338089,19.197638,2.052637557983399
NL00444,NL,4.5108,52.2966,12.225,14.489881,12.073327,-0.1516729354858395
NL00446,NL,4.3594,52.039,20.748,24.072796,21.967041,1.219041015624999
NL00485,NL,4.3552,51.8674,21.939,24.439304,22.590815,0.6518145904541015
NL00488,NL,4.4876,51.8936,19.854,23.508537,22.182669,2.3286686859130867
NL00494,NL,4.4014,51.9214,26.303,23.751848,24.974577,-1.3284230499267586
NL00495,NL,4.228,51.932,25.473,23.053656,23.75725,-1.7157501678466787
NL00538,NL,5.049,52.8034,10.813,7.7259684,9.833319,-0.9796812896728522
NL00561,NL,4.7735,52.3336,21.607,30.339308,23.415855,1.8088554077148444
NL00564,NL,4.715,52.3275,17.92,30.339308,23.415855,5.495855407714842
NL00565,NL,4.7707,52.2799,18.639,16.938915,16.43648,-2.202520431518554
NL00633,NL,4.8382,52.1379,11.534,14.591548,12.731129,1.1971286926269524
NL00643,NL,5.1282,52.1013,15.102,16.27805,17.457956,2.3559563140869137
NL00644,NL,4.9233,51.9745,12.9,16.776123,13.771031,0.8710313796997067
NL00701,NL,4.8167,52.448,17.507,20.841711,17.514727,0.007726638793943863
NL00703,NL,4.7286,52.3986,16.471,30.339308,23.415855,6.944855407714844
NL00722,NL,6.6054,52.0917,10.892,9.101438,9.90351,-0.9884899063110346
NL00738,NL,5.7084,52.1116,11.0,10.182202,10.928325,-0.07167530059814453
NL00742,NL,5.8569,51.8382,16.069,19.909578,18.074722,2.0057222900390634
NL00818,NL,6.0176,52.6542,8.547,9.003229,7.788753,-0.7582469673156744
NL00918,NL,5.5735,52.9169,7.2,7.5273633,7.9446406,0.7446406364440916
NL00929,NL,6.9327,52.8757,8.272,6.2179704,7.263197,-1.0088030548095706
NL00934,NL,6.2769,53.3304,6.847,5.890375,4.8642106,-1.9827893943786625
NL00938,NL,6.609,53.2465,8.15,8.686927,8.570933,0.4209333419799801
NO0002R,NO,8.2519,58.3885,0.803,1.4605818,0.8355254,0.0325253934860229
NO0056R,NO,11.0741,60.3729,1.047,2.0272598,1.29862,0.2516199855804444
NO0062A,NO,9.4871,59.2024,3.357,1.6048985,3.7377534,0.38075339126586893
NO0075A,NO,10.4656,61.1209,9.94,2.9584622,4.8043933,-5.135606708526611
PL0002R,PL,21.9724,51.8144,7.43,3.7945628,6.74529,-0.6847101974487302
PL0004R,PL,17.5345,54.7541,3.841,2.6147609,7.824459,3.983459075927734
PL0005R,PL,22.0381,54.1248,3.852,2.3875113,3.5787508,-0.27324915122985827
PL0008A,PL,18.975,50.2646,23.219,12.039546,32.997257,9.778257232666014
PL0014A,PL,20.7919,51.8352,8.112,4.863833,11.26459,3.152590263366699
PL0028A,PL,15.3122,50.9125,4.249,3.4098456,6.4450493,2.196049285888672
PL0031A,PL,18.2689,52.2257,13.334,5.1475596,12.292941,-1.0410589065551754
PL0047A,PL,18.6573,54.4008,16.343,10.553216,14.858903,-1.484097068786621
PL0048A,PL,18.4933,54.5608,9.213,6.239307,13.118717,3.9057171936035164
PL0052A,PL,18.6198,54.3801,17.258,22.668365,20.079298,2.8212980194091806
PL0064A,PL,17.9957,53.1341,16.857,5.9383497,20.653227,3.796226852416993
PL0068A,PL,18.6843,53.0806,7.145,5.476257,11.051492,3.906491737365723
PL0077A,PL,17.934,53.6621,4.314,2.7164702,3.7857606,-0.5282393589019776
PL0091A,PL,23.2902,50.7166,12.398,4.502179,12.797486,0.3994863052368167
PL0105A,PL,19.5176,51.2912,9.381,5.8434234,10.476154,1.095154327392578
PL0115A,PL,19.4212,51.8567,13.55,6.9270344,20.346142,6.796141815185546
PL0121A,PL,21.1168,49.6337,4.887,4.7357244,5.6313176,0.7443176155090336
PL0126A,PL,19.9601,49.2936,17.082,2.3147347,12.610908,-4.471092445373536
PL0128A,PL,20.4547,52.2859,5.655,4.9421053,9.132796,3.477796287536621
PL0129A,PL,20.9559,52.4076,12.306,5.9437013,14.110751,1.804751152038575
PL0134A,PL,20.8375,52.1917,18.115,9.970894,20.474878,2.359878311157228
PL0136A,PL,19.7098,52.5509,12.622,7.884213,15.72557,3.103569725036621
PL0143A,PL,21.0425,52.2909,20.214,11.73041,28.02128,7.80728028869629
PL0150A,PL,23.6422,53.2155,2.73,2.4406056,3.9837983,1.2537982654571533
PL0175A,PL,20.4861,53.7892,11.31,4.538018,13.547448,2.2374481582641597
PL0182A,PL,14.3822,53.1223,6.043,3.4871101,5.5478487,-0.49515129852294937
PL0184A,PL,19.1301,50.8364,13.73,7.953272,18.440697,4.710696716308593
PL0190A,PL,16.1805,51.2045,17.559,5.55455,19.631323,2.0723228607177724
PL0192A,PL,16.2697,50.7687,12.461,5.063161,17.958525,5.497524703979492
PL0193A,PL,17.1411,51.1159,12.372,7.343818,16.35722,3.985219696044922
PL0194A,PL,17.0293,51.1294,18.617,9.489089,24.620598,6.003597839355468
PL0209A,PL,15.2287,52.7382,19.416,5.6604977,10.854946,-8.561053863525391
PL0211A,PL,15.2067,52.1722,4.658,3.6688006,4.6348157,-0.023184307098389034
PL0212A,PL,16.3175,51.7997,12.828,3.943828,11.369001,-1.4589986114501947
PL0218A,PL,18.2366,50.3496,13.882,8.412048,10.941424,-2.940575630187988
PL0239A,PL,18.5161,50.1112,20.532,7.954801,20.086203,-0.4457973785400391
PL0240A,PL,18.9902,50.0999,18.408,7.9116635,20.178543,1.7705430908203112
PL0241A,PL,18.4555,50.0076,17.322,9.481718,22.067123,4.745123413085938
PL0243A,PL,19.4588,50.7109,7.266,4.7441263,9.302006,2.0360057678222656
PL0247A,PL,17.7732,52.5013,6.708,4.109203,9.175943,2.467943374633789
PL0248A,PL,14.6633,53.381,13.025,5.762028,8.144636,-4.880363845825196
PL0273A,PL,19.8304,49.971,17.441,8.636541,21.729223,4.2882232513427745
PL0276A,PL,22.1125,50.5299,8.866,4.414478,14.152358,5.286358055114746
PL0294A,PL,19.2344,49.6716,14.585,4.720469,15.898326,1.3133259201049796
PL0295A,PL,19.4109,54.1678,10.747,4.572266,11.888124,1.141124465942383
PL0317A,PL,17.2913,50.9421,13.647,5.424338,17.45418,3.807179763793945
PL0495A,PL,22.0106,50.0242,13.259,6.520208,18.17063,4.911629501342773
PL0501A,PL,19.9492,50.0106,28.925,14.160215,32.314144,3.3891441345214837
PL0502A,PL,21.0042,50.0202,17.957,9.534449,23.303759,5.34675862121582
PL0503A,PL,18.0491,51.748,13.796,6.0175104,15.318473,1.522472862243653
PL0504A,PL,16.6537,50.4335,12.915,5.8050013,16.019081,3.104081115722657
PL0505A,PL,15.4317,51.3176,6.375,3.8051238,6.997838,0.622838020324707
PL0509A,PL,19.697,51.4044,16.843,6.8277135,17.20241,0.35940974426269534
PL0518A,PL,21.4546,49.7449,9.48,7.661549,12.329556,2.8495564651489254
PL0529A,PL,19.1844,50.286,18.29,12.261971,24.68189,6.391890487670899
PL0543A,PL,19.451,51.7754,19.526,10.149859,26.648857,7.122857116699219
PL0563A,PL,20.5335,50.8231,14.643,7.025517,15.598768,0.955768234252929
PL0568A,PL,18.8267,49.7197,11.018,5.926331,12.095859,1.0778585739135735
PL0573A,PL,17.0742,52.2767,10.863,5.196028,13.442782,2.5797824020385747
PL0585A,PL,15.7656,50.9134,10.483,4.7514477,11.907321,1.4243209762573237
PL0591A,PL,15.1278,51.6427,13.734,6.3309374,16.251778,2.5177776489257813
PL0594A,PL,22.7562,49.7843,10.683,4.516238,14.933598,4.250597564697266
PT01042,PT,-8.4569,41.5694,9.117,7.5574503,10.181339,1.0643392639160147
PT02004,PT,-8.5672,40.7586,9.504,9.438623,11.7145,2.210500427246094
PT02019,PT,-8.8917,39.9239,3.336,5.4357376,5.1465445,1.8105444564819337
PT02020,PT,-7.3019,40.2331,2.834,2.846876,7.128108,4.294108024597168
PT02022,PT,-8.6767,40.1828,5.481,3.9141862,9.290485,3.8094853820800783
PT03071,PT,-9.1081,38.7689,22.999,24.540974,29.669727,6.670727325439454
PT03083,PT,-9.1578,38.6636,19.445,32.93338,24.728224,5.283223800659179
PT03087,PT,-9.2103,38.705,16.017,8.68644,17.43389,1.4168893890380865
PT03089,PT,-9.3472,38.785,11.793,5.61966,9.580979,-2.2120206527709954
PT03093,PT,-8.8942,38.5292,12.076,15.104024,19.692894,7.616893981933593
PT03095,PT,-9.0669,38.6586,13.023,11.374412,17.81558,4.7925803680419925
PT03096,PT,-8.4661,39.3525,4.28,4.087578,5.061317,0.7813169670104978
PT03101,PT,-9.0403,38.8961,17.02,6.772243,15.917192,-1.1028075408935543
PT05007,PT,-7.9267,37.015,8.12,6.1668715,10.254206,2.1342057037353523
SE0001A,SE,13.002,55.6064,8.402,7.871039,10.125923,1.723923156738282
SE0004A,SE,11.9702,57.709,11.41,11.107227,15.140373,3.7303732299804686
SE0005R,SE,15.3197,63.8455,0.304,0.46890745,0.3132608,0.009260793685913093
SE0014R,SE,11.9142,57.3936,3.138,3.651318,2.9942248,-0.14377521324157705
SE0022A,SE,18.0578,59.316,7.753,17.465094,10.466136,2.7131359786987304
SE0053A,SE,12.6913,56.0473,12.227,19.06746,16.756878,4.529877899169922
SE0054A,SE,13.2008,55.7008,6.587,4.663156,7.815876,1.2288760070800784
SE0066A,SE,18.6313,59.8324,2.534,1.9341509,1.952801,-0.5811990108489988
SE09346,SE,12.0151,57.658,12.347,7.9880047,14.079077,1.732076766967774
TR0002A,TR,32.5852,39.972,46.687,8.947905,21.374763,-25.312236511230466
TR0010A,TR,32.8229,39.9183,63.325,23.618912,31.188543,-32.136456680297854
TR0011A,TR,32.7957,39.9677,44.095,20.010225,25.712896,-18.3821036529541
TR0054A,TR,29.01,41.0539,38.448,47.35325,86.97494,48.52693743896484
TR100241,TR,27.975,40.3479,38.49,6.69135,15.737199,-22.752801170349123
TR100313,TR,27.9786,40.4897,9.29,4.137741,6.847689,-2.442310848236083
TR110241,TR,30.0529,39.904,26.384,4.586869,21.316559,-5.067441162109375
TR160341,TR,29.5002,40.0809,37.978,5.72249,22.612541,-15.365458801269533
TR160512,TR,29.0459,40.1957,40.912,13.189775,25.229029,-15.682971298217772
TR170313,TR,26.7706,40.4031,9.43,17.239563,14.30619,4.87618953704834
TR220213,TR,26.5373,41.6591,7.041,4.738548,5.6371446,-1.403855434417725
TR220341,TR,26.6353,40.8512,9.189,4.256605,15.791447,6.602446685791016
TR340341,TR,28.9748,41.0923,34.575,36.430954,30.479443,-4.095557403564456
TR340411,TR,29.059,41.0746,22.548,47.35325,86.97494,64.42693743896484
TR340611,TR,28.2555,41.0732,12.966,5.167305,16.16209,3.1960903015136726
TR340741,TR,29.2688,40.9845,19.921,13.353425,25.268822,5.347821716308594
TR340841,TR,28.872,41.102,17.668,9.243632,26.143286,8.475285751342774
TR340913,TR,29.5634,41.1705,4.392,4.06499,5.7014546,1.309454639434814
TR390441,TR,27.3459,41.3984,14.524,12.054117,25.78572,11.261720825195313
TR410641,TR,30.0077,40.771,18.663,7.682465,23.160473,4.497472869873047
TR410741,TR,29.7946,40.726,21.535,24.20364,35.97391,14.43891128540039
TR410913,TR,30.0066,41.1307,4.544,2.2772005,5.16625,0.6222502288818363
TR770212,TR,29.5079,40.7006,22.773,29.8511,19.61624,-3.1567604522705075
TR770313,TR,28.7846,40.5294,3.637,9.424171,10.434692,6.7976923828124995
